Age,Attrition,BusinessTravel,DailyRate,Department,DistanceFromHome,Education,EducationField,EmployeeCount,EmployeeNumber,EnvironmentSatisfaction,Gender,HourlyRate,JobInvolvement,JobLevel,JobRole,JobSatisfaction,MaritalStatus,MonthlyIncome,MonthlyRate,NumCompaniesWorked,Over18,OverTime,PercentSalaryHike,PerformanceRating,RelationshipSatisfaction,StandardHours,StockOptionLevel,TotalWorkingYears,TrainingTimesLastYear,WorkLifeBalance,YearsAtCompany,YearsInCurrentRole,YearsSinceLastPromotion,YearsWithCurrManager
41,1,2,1102,2,1,2,1,1,1,2,0,94,3,2,7,4,2,-43188.567658585904,19479,8,0,1,11,3,1,80,0,8,0,1,6,4,0,5
49,0,1,279,1,8,1,1,1,2,3,1,61,2,2,6,2,1,3358.1041650296065,24907,1,0,0,23,4,4,80,1,10,3,3,10,7,1,7
37,1,2,1373,1,2,2,4,1,4,4,1,92,2,1,2,3,2,31541.91001864809,2396,6,0,1,15,3,2,80,0,7,3,3,0,0,0,0
33,0,1,1392,1,3,4,1,1,5,4,0,56,3,1,6,3,1,-20042.810011473946,23159,1,0,1,11,3,3,80,0,8,3,3,8,7,3,0
27,0,2,591,1,2,1,3,1,7,1,1,40,3,1,2,2,1,-16802.196058936013,16632,9,0,0,12,3,4,80,1,6,3,3,2,2,2,2
32,0,1,1005,1,2,2,1,1,8,4,1,79,3,1,2,4,2,-10142.351980820886,11864,0,0,0,13,3,3,80,0,8,2,2,7,7,3,6
59,0,2,1324,1,3,3,3,1,10,3,0,81,4,1,2,1,1,-14968.17386949137,9964,4,0,1,20,4,1,80,3,12,3,2,1,0,0,0
30,0,2,1358,1,24,1,1,1,11,4,1,67,3,1,2,3,0,5530.491122071377,13335,1,0,0,22,4,2,80,1,1,2,3,1,0,0,0
38,0,1,216,1,23,3,1,1,12,4,1,44,2,3,4,3,2,58424.39734193432,8787,0,0,0,21,4,2,80,0,10,2,3,9,7,1,8
36,0,2,1299,1,27,3,3,1,13,3,1,94,3,2,0,3,1,11262.876181362484,16577,6,0,0,13,3,2,80,2,17,3,2,7,7,7,7
35,0,2,809,1,16,3,3,1,14,1,1,84,4,1,2,2,1,21144.5342934653,16479,0,0,0,13,3,3,80,1,6,5,3,5,4,0,3
29,0,2,153,1,15,2,1,1,15,4,0,49,2,2,2,3,2,799.3925277032981,12682,0,0,1,12,3,4,80,0,10,3,3,9,5,0,8
31,0,2,670,1,26,1,1,1,16,1,1,31,3,1,6,3,0,24936.590134748876,15170,1,0,0,17,3,4,80,1,5,1,2,5,2,4,3
34,0,2,1346,1,19,2,3,1,18,2,1,93,3,1,2,4,0,17461.18919193188,8758,0,0,0,11,3,3,80,1,3,2,3,2,2,1,2
28,1,2,103,1,24,3,1,1,19,3,1,50,2,1,2,3,2,-352.0206126553512,12947,5,0,1,14,3,2,80,0,6,4,3,4,2,0,3
29,0,2,1389,1,21,4,1,1,20,2,0,51,4,3,4,1,0,-7418.587904554617,10195,1,0,0,11,3,3,80,1,10,1,3,10,9,8,8
32,0,2,334,1,5,2,1,1,21,1,1,80,4,1,6,2,0,50543.3984837059,15053,0,0,1,12,3,4,80,2,7,5,2,6,2,0,5
22,0,0,1123,1,16,2,3,1,22,4,1,96,4,1,2,4,0,13709.219359025386,7324,1,0,1,13,3,2,80,2,1,2,2,1,0,0,0
53,0,2,1219,2,2,4,1,1,23,1,0,78,2,4,3,4,1,42737.96112337489,22021,2,0,0,16,3,3,80,0,31,3,3,25,8,3,7
38,0,2,371,1,2,3,1,1,24,4,1,45,3,1,6,4,2,17518.232682936006,4306,5,0,1,11,3,3,80,0,6,3,3,3,2,1,2
24,0,0,673,1,11,2,4,1,26,1,0,96,4,2,4,3,0,10059.531535035792,8232,0,0,0,18,3,4,80,1,5,5,2,4,2,1,3
36,1,2,1218,2,9,4,1,1,27,3,1,82,2,1,8,1,2,17820.990273919135,6986,7,0,0,23,4,2,80,0,10,4,3,5,3,0,3
34,0,2,419,1,7,4,1,1,28,1,0,53,3,3,5,2,2,-18956.447560218472,21293,0,0,0,11,3,3,80,0,13,4,3,12,6,2,11
21,0,2,391,1,15,2,1,1,30,3,1,96,3,1,6,4,2,48114.946168575545,19281,1,0,0,14,3,4,80,0,0,6,3,0,0,0,0
34,1,2,699,1,6,1,3,1,31,2,1,83,3,1,6,1,2,23316.00643195122,17102,2,0,0,11,3,3,80,0,8,2,3,4,2,1,3
53,0,2,1282,1,5,3,4,1,32,3,0,58,3,5,3,3,0,20519.426203789193,10735,4,0,0,11,3,4,80,1,26,3,2,14,13,4,8
32,1,1,1125,1,16,1,1,1,33,2,0,72,1,1,6,1,2,-36046.35677202889,4681,1,0,1,22,4,2,80,0,10,5,3,10,2,6,7
42,0,2,691,2,8,4,2,1,35,3,1,48,3,2,7,2,1,59635.05693413528,21173,0,0,0,11,3,4,80,1,10,2,3,9,7,4,2
44,0,2,477,1,7,4,3,1,36,1,0,42,2,3,0,4,1,614.6279998896152,2094,3,0,0,14,3,4,80,1,24,4,3,22,6,5,17
46,0,2,705,2,2,4,2,1,38,2,0,83,3,5,3,1,2,2624.4698507103258,22822,3,0,0,12,3,4,80,0,22,2,2,2,2,2,1
33,0,2,924,1,2,3,3,1,39,3,1,78,3,1,2,4,2,-471.16160806602056,6670,4,0,0,11,3,4,80,0,7,3,3,1,1,0,0
44,0,2,1459,1,10,4,4,1,40,4,1,41,3,2,0,4,1,5718.341062626838,19121,2,0,1,13,3,4,80,0,9,5,4,4,2,1,3
30,0,2,125,1,9,2,3,1,41,4,1,83,2,1,2,3,2,25954.771217496607,16117,1,0,0,13,3,1,80,0,10,5,3,10,0,1,8
39,1,2,895,2,5,3,5,1,42,4,1,56,3,2,8,4,1,8664.496555482625,3335,3,0,0,14,3,3,80,1,19,6,4,1,0,0,0
24,1,2,813,1,1,3,3,1,45,2,1,61,3,1,6,4,1,-26704.779310792565,3020,2,0,1,16,3,1,80,1,6,2,2,2,0,2,0
43,0,2,1273,1,2,2,3,1,46,4,0,72,4,1,6,3,0,-556.5711286036367,21923,1,0,0,12,3,4,80,2,6,3,2,5,3,1,4
50,1,2,869,2,3,2,2,1,47,1,1,86,2,1,8,3,1,25264.379475358593,3810,1,0,1,14,3,3,80,0,3,2,3,3,2,0,2
35,0,2,890,2,2,3,2,1,49,4,0,97,3,1,8,4,1,-23331.346240705207,9687,1,0,0,13,3,1,80,0,2,3,3,2,2,2,2
36,0,2,852,1,5,4,1,1,51,2,0,82,2,1,6,1,1,31089.850628631495,13072,9,0,1,14,3,4,80,1,6,3,4,1,1,0,0
33,0,1,1141,2,1,3,1,1,52,3,0,42,4,2,7,1,1,-9934.738206267708,3193,2,0,0,19,3,1,80,2,10,3,3,5,3,1,3
35,0,2,464,1,4,2,4,1,53,3,1,75,3,1,2,4,0,-7225.337962550901,10910,1,0,0,12,3,3,80,1,1,3,3,1,0,0,0
27,0,2,1240,1,2,4,1,1,54,4,0,33,3,1,2,1,0,91083.93993118059,19715,1,0,0,13,3,4,80,1,1,6,3,1,0,0,0
26,1,2,1357,1,25,3,1,1,55,1,1,48,1,1,2,3,2,12226.347466046625,10558,1,0,0,12,3,3,80,0,1,2,2,1,0,0,1
27,0,1,994,2,8,3,1,1,56,4,1,37,3,3,7,3,2,39789.60370202684,2975,1,0,0,15,3,4,80,0,9,0,3,9,8,1,7
30,0,1,721,1,1,2,3,1,57,3,0,58,3,2,2,4,2,-851.8085859925777,10781,1,0,0,23,4,4,80,0,12,2,3,12,8,3,7
41,1,2,1360,1,12,3,5,1,58,2,0,49,3,5,5,3,1,-16017.40571584968,16280,1,0,0,12,3,4,80,0,23,0,3,22,15,15,8
34,0,0,1065,2,23,4,2,1,60,2,1,72,3,2,7,3,2,3022.1232847274546,10034,0,0,0,20,4,3,80,0,10,2,3,9,5,8,7
37,0,2,408,1,19,2,1,1,61,2,1,73,3,1,6,2,1,-161.8967062593597,10227,4,0,0,21,4,1,80,0,8,1,3,1,0,0,0
46,0,1,1211,2,5,4,2,1,62,1,1,98,3,2,7,4,2,5279.820277717377,20445,4,0,1,21,4,3,80,0,14,4,3,9,6,0,8
35,0,2,1229,1,8,1,1,1,63,4,1,36,4,1,2,4,1,-3488.1130315686296,4892,1,0,0,19,3,4,80,0,1,2,3,1,0,0,1
48,1,2,626,1,1,2,1,1,64,1,1,98,2,3,2,3,2,24375.336545224836,19294,9,0,1,13,3,4,80,0,23,2,3,1,0,0,0
28,1,2,1434,1,5,4,5,1,65,3,1,50,3,1,2,3,2,-767.5638755710497,11179,1,0,1,13,3,3,80,0,2,3,2,2,2,2,2
44,0,2,1488,2,1,5,2,1,68,2,0,75,3,2,7,1,0,-7027.9737723285125,4009,5,0,1,21,4,3,80,1,9,2,2,4,3,1,3
35,0,0,1097,1,11,2,3,1,70,3,1,79,2,3,0,1,1,12039.94459219353,8302,2,0,1,13,3,3,80,1,10,3,3,4,0,2,3
26,0,2,1443,2,23,3,2,1,72,3,0,47,2,2,7,4,1,-164.51800925556108,21436,7,0,1,19,3,3,80,1,5,2,2,2,2,0,0
33,0,1,515,1,1,2,1,1,73,1,0,98,3,3,5,4,2,26140.18625850405,15146,1,0,1,12,3,3,80,0,15,1,3,15,14,8,12
35,0,1,853,2,18,5,1,1,74,2,1,71,3,3,7,1,1,84056.53997345816,11031,1,0,0,22,4,4,80,1,9,3,2,9,8,1,8
35,0,2,1142,1,23,4,3,1,75,3,0,30,3,1,2,1,1,26460.113247793517,16002,3,0,1,15,3,3,80,1,4,3,3,2,2,2,2
31,0,2,655,1,7,4,1,1,76,4,1,48,3,2,2,4,0,-3586.900610926643,9528,3,0,0,22,4,4,80,1,10,3,2,7,7,1,7
37,0,2,1115,1,1,4,1,1,77,1,1,51,2,2,4,3,0,-71696.52782246543,2689,1,0,0,18,3,3,80,1,7,2,4,7,5,0,7
32,0,2,427,1,1,3,3,1,78,1,1,33,3,2,4,4,1,-7194.418659698527,10877,1,0,1,22,4,2,80,1,9,3,3,9,8,7,8
38,0,1,653,1,29,5,1,1,79,4,0,50,3,2,2,4,2,10549.550999633822,5456,1,0,0,11,3,4,80,0,10,2,3,10,3,9,9
50,0,2,989,1,7,2,3,1,80,2,0,43,2,5,5,3,0,5196.518373853083,16701,5,0,1,12,3,4,80,1,29,2,2,27,3,13,8
59,0,2,1435,2,25,3,1,1,81,1,0,99,3,3,7,1,2,-4531.912490840794,2354,7,0,0,11,3,4,80,0,28,3,2,21,16,7,9
36,0,2,1223,1,8,3,5,1,83,3,0,59,3,3,0,3,0,1531.568318310001,8202,1,0,0,13,3,2,80,3,17,2,3,17,14,12,8
55,0,2,836,1,8,3,3,1,84,4,0,33,3,4,3,3,0,49732.51940205266,19730,2,0,1,14,3,3,80,3,21,2,3,5,0,0,2
36,0,1,1195,1,11,3,1,1,85,2,1,95,2,2,4,2,2,-614.6193698436573,22656,1,0,0,13,3,3,80,0,6,3,3,6,5,0,3
45,0,2,1339,1,7,3,1,1,86,2,1,59,3,3,6,1,0,26297.861051735275,18787,2,0,0,17,3,3,80,1,25,2,3,1,0,0,0
35,0,1,664,1,1,3,3,1,88,2,1,79,3,1,6,1,1,21782.247501899674,5868,4,0,0,13,3,4,80,1,5,2,2,3,2,1,2
36,1,2,318,1,9,3,3,1,90,4,1,79,2,1,6,3,1,3241.057059833628,21777,0,0,1,17,3,1,80,1,2,0,2,1,0,0,0
59,0,1,1225,2,1,1,1,1,91,1,0,57,2,2,7,3,2,85201.21630184585,24668,7,0,0,11,3,4,80,0,20,2,2,4,3,1,3
29,0,2,1328,1,2,3,1,1,94,3,1,76,3,1,6,2,1,11554.608790047565,4956,0,0,0,23,4,4,80,1,6,3,3,5,4,0,4
31,0,2,1082,1,1,4,3,1,95,3,1,87,3,1,6,2,2,30709.722670396022,18775,1,0,0,17,3,2,80,0,1,4,3,1,1,1,0
32,0,2,548,1,1,3,1,1,96,2,1,66,3,2,6,2,1,10965.41569324061,7346,1,0,0,17,3,2,80,2,10,3,3,10,4,0,9
36,0,2,132,1,6,3,1,1,97,2,0,55,4,1,2,4,1,24199.346586840857,22002,3,0,0,12,3,2,80,0,5,3,3,1,0,0,0
31,0,2,746,1,8,4,1,1,98,3,0,61,3,2,4,4,2,14193.690810210737,20682,1,0,0,23,4,4,80,0,11,2,3,11,7,1,8
35,0,2,776,2,1,4,2,1,100,3,1,32,2,2,7,1,2,-6292.96221119933,23016,0,0,0,14,3,2,80,0,16,2,3,15,13,2,8
45,0,2,193,1,6,4,4,1,101,4,1,52,3,3,5,1,1,-469.67563420595616,15067,4,0,1,14,3,2,80,0,17,3,4,0,0,0,0
37,0,2,397,1,7,4,3,1,102,1,1,30,3,3,5,3,2,-5356.232441999058,25258,4,0,0,13,3,1,80,0,16,3,4,5,2,0,2
46,0,2,945,0,5,2,3,1,103,2,1,80,3,2,1,2,0,-11348.817824891308,10425,8,0,1,22,4,4,80,1,16,2,3,4,2,0,2
30,0,2,852,1,1,1,1,1,104,4,1,55,2,2,2,4,1,60082.18375647501,15998,1,0,1,12,3,3,80,2,10,1,2,10,8,3,0
35,0,2,1214,1,1,3,3,1,105,2,1,30,2,1,6,3,2,16582.31492057442,26278,1,0,0,18,3,1,80,0,6,3,3,6,4,0,4
55,0,2,111,2,1,2,1,1,106,1,1,70,3,3,7,4,1,47973.80764485681,18092,3,0,0,14,3,4,80,1,24,4,3,1,0,1,0
38,0,0,573,1,6,3,3,1,107,2,0,79,1,2,6,4,0,1160.3001796108792,15717,7,0,1,12,3,4,80,3,17,3,3,13,11,1,9
34,0,2,1153,1,1,2,3,1,110,1,1,94,3,2,4,2,1,4749.280499204757,17736,1,0,0,15,3,3,80,0,5,2,3,5,2,1,3
56,0,2,1400,1,7,3,1,1,112,4,1,49,1,3,4,4,2,-489.3568348399949,21698,4,0,0,11,3,1,80,0,37,3,2,6,4,0,2
23,0,2,541,2,2,1,5,1,113,3,1,62,3,1,8,1,0,-64829.021802650925,9518,3,0,0,13,3,3,80,1,3,3,3,0,0,0,0
51,0,2,432,1,9,4,1,1,116,4,1,96,3,1,2,4,1,277.7152939570176,18725,3,0,0,23,4,2,80,2,10,4,3,4,2,0,3
30,0,2,288,1,2,3,1,1,117,3,1,99,2,2,0,4,1,-14582.950023458761,15830,1,0,0,19,3,1,80,3,11,3,3,11,10,10,8
46,1,2,669,2,9,2,3,1,118,3,1,64,2,3,7,4,2,11093.433840277514,13596,1,0,0,16,3,4,80,0,9,3,3,9,8,4,7
40,0,1,530,1,1,4,1,1,119,3,1,78,2,4,0,2,1,10857.80146348112,14115,1,0,0,22,4,4,80,1,22,3,2,22,3,11,11
51,0,2,632,2,21,4,2,1,120,3,1,71,3,2,7,4,2,36667.32534829351,8423,0,0,1,22,4,4,80,0,11,2,1,10,7,1,0
30,0,2,1334,2,4,2,3,1,121,3,0,63,2,2,7,2,0,-1013.983026811863,19760,1,0,1,12,3,2,80,3,11,4,2,11,8,2,7
46,0,1,638,1,1,3,3,1,124,3,1,40,2,3,0,1,1,18841.907557430462,3142,2,0,1,13,3,3,80,1,21,5,2,10,9,9,5
32,0,2,1093,2,6,4,3,1,125,2,1,87,3,2,7,3,2,-45739.03876511568,24301,1,0,0,16,3,1,80,0,12,0,3,11,8,5,7
54,0,2,1217,1,2,4,5,1,126,1,0,60,3,3,5,3,1,3232.214023186436,24001,9,0,0,12,3,1,80,1,16,5,1,4,3,0,3
24,0,2,1353,2,3,2,4,1,128,1,0,33,3,2,7,3,1,28022.734211835206,17519,0,0,0,21,4,1,80,1,4,2,2,3,2,0,2
28,0,0,120,2,4,3,3,1,129,2,1,43,3,2,7,3,1,5180.656813414068,8863,1,0,0,15,3,2,80,0,5,3,4,5,4,0,4
58,0,2,682,2,10,4,3,1,131,4,1,37,3,4,7,3,2,766.9143039411374,24409,0,0,0,13,3,3,80,0,38,1,2,37,10,1,8
44,0,0,489,1,23,3,3,1,132,2,1,67,3,2,2,2,1,-2037.1561856055373,25043,4,0,0,12,3,3,80,1,17,3,4,3,2,1,2
37,1,2,807,0,6,4,0,1,133,3,1,63,3,1,1,1,0,20101.576596405725,23648,4,0,1,22,4,4,80,0,7,3,3,3,2,0,2
32,0,2,827,1,1,1,1,1,134,4,1,71,3,1,6,1,2,-39896.24590620663,15178,1,0,0,13,3,4,80,0,1,2,3,1,0,0,0
20,1,1,871,1,6,3,1,1,137,4,0,66,2,1,2,4,2,69150.8429343179,19783,1,0,1,18,3,2,80,0,1,5,3,1,0,1,0
34,0,2,665,1,6,4,4,1,138,1,0,41,3,2,6,3,2,12564.507918766118,12482,1,0,0,14,3,3,80,0,16,3,3,16,13,2,10
37,0,0,1040,1,2,2,1,1,139,3,1,100,2,2,0,4,0,8683.562506190869,15850,5,0,0,14,3,4,80,1,17,2,4,1,0,0,0
59,0,0,1420,0,2,4,0,1,140,3,0,32,2,5,3,4,1,76829.16540181127,21922,9,0,0,21,4,4,80,1,30,3,3,3,2,2,2
50,0,1,1115,1,1,3,1,1,141,1,0,73,3,5,5,2,1,35084.10416427614,9755,3,0,1,19,3,1,80,0,28,1,2,8,3,0,7
25,1,2,240,2,5,3,2,1,142,3,1,46,2,2,7,3,2,5803.556203280557,26959,1,0,1,11,3,4,80,0,6,1,3,6,4,0,3
25,0,2,1280,1,7,1,3,1,143,4,1,64,2,1,6,4,1,8565.64745342472,26897,1,0,0,11,3,3,80,2,2,2,3,2,2,2,1
22,0,2,534,1,15,3,3,1,144,2,0,59,3,1,2,4,2,33605.9030133605,23785,1,0,0,15,3,3,80,0,1,5,3,0,0,0,0
51,0,1,1456,1,1,4,3,1,145,1,0,30,2,3,0,1,2,-22075.749996711478,25796,3,0,0,20,4,3,80,0,23,1,2,13,12,12,8
34,1,1,658,1,7,3,1,1,147,1,1,66,1,2,2,3,2,6788.688570787944,22887,1,0,1,24,4,4,80,0,9,3,3,9,7,0,6
54,0,0,142,0,26,3,0,1,148,4,0,30,4,4,3,4,2,28424.963505926844,13871,2,0,1,12,3,3,80,0,23,3,3,5,3,4,4
24,0,2,1127,1,18,1,1,1,150,2,1,52,3,1,2,3,1,22181.19564947395,13257,0,0,0,12,3,3,80,1,6,2,3,5,3,1,2
34,0,2,1031,1,6,4,1,1,151,3,0,45,2,2,6,2,0,12328.778637473808,15000,6,0,0,15,3,3,80,1,12,3,3,1,0,0,0
37,0,2,1189,2,3,3,1,1,152,3,1,87,3,3,7,4,2,20739.911468026825,14506,2,0,0,12,3,1,80,0,12,3,3,5,3,1,3
34,0,2,1354,1,5,3,3,1,153,3,0,45,2,3,3,1,2,16643.62335370573,5615,2,0,0,12,3,4,80,0,14,6,3,11,10,5,8
36,0,1,1467,2,11,2,5,1,154,2,0,92,3,3,7,4,1,15578.783087889706,22952,0,0,0,14,3,3,80,1,10,6,3,9,7,2,8
36,0,2,922,1,3,2,1,1,155,1,0,39,3,1,2,4,0,17883.417624080146,2561,5,0,0,22,4,1,80,1,7,2,3,1,0,0,0
43,0,1,394,2,26,2,1,1,158,3,1,92,3,4,3,4,1,-37625.97004935926,19494,1,0,1,12,3,4,80,2,25,3,4,25,12,4,12
30,0,1,1312,1,23,3,1,1,159,1,1,96,1,1,6,3,0,-7814.541594496683,22310,1,0,0,25,4,3,80,3,10,2,2,10,7,0,9
33,0,0,750,2,22,2,2,1,160,3,1,95,3,2,7,2,1,18215.271150321245,15480,0,0,0,13,3,1,80,1,8,2,4,7,7,0,7
56,1,2,441,1,14,4,1,1,161,2,0,72,3,1,6,2,1,-24957.52489671518,4510,9,0,1,18,3,1,80,3,7,2,3,5,4,4,3
51,0,2,684,1,6,3,1,1,162,1,1,51,3,5,5,3,2,48767.69065125051,6462,7,0,0,13,3,3,80,0,23,5,3,20,18,15,15
31,1,2,249,2,6,4,1,1,163,2,1,76,1,2,7,3,1,20207.0328039712,20739,4,0,1,18,3,2,80,0,12,3,2,7,7,7,7
26,0,2,841,1,6,3,4,1,164,3,0,46,2,1,6,2,1,16149.402978234544,23300,1,0,0,19,3,3,80,0,5,3,2,5,4,4,3
58,1,2,147,1,23,4,3,1,165,4,0,94,3,3,0,4,1,16547.563134034674,3465,1,0,0,12,3,4,80,1,40,3,2,40,10,15,6
19,1,2,528,2,22,1,2,1,167,4,1,50,3,1,8,3,2,-27662.19878542341,26820,1,0,1,19,3,4,80,0,0,2,2,0,0,0,0
22,0,2,594,1,2,1,5,1,169,3,1,100,3,1,2,4,1,13045.097760035915,19299,0,0,0,14,3,3,80,1,3,2,3,2,1,2,1
49,0,2,470,1,20,4,3,1,170,3,0,96,3,2,4,1,1,-7676.505163327251,5549,1,0,0,14,3,3,80,0,16,2,2,15,11,5,11
43,0,1,957,1,28,3,3,1,171,2,0,72,4,1,6,3,2,28231.449316953323,16090,4,0,0,12,3,4,80,0,18,2,3,3,2,1,2
50,0,1,809,2,12,3,2,1,174,3,0,77,3,3,7,4,2,-11294.005334188681,6645,4,0,0,11,3,4,80,0,16,3,3,2,2,2,1
31,1,2,542,2,20,3,1,1,175,2,0,71,1,2,7,3,1,-7038.254082824784,24788,3,0,1,11,3,3,80,1,4,2,3,2,2,2,2
41,0,2,802,2,9,1,1,1,176,3,1,96,3,3,7,3,0,17293.16460110704,21196,3,0,1,13,3,3,80,1,12,2,3,9,7,0,7
26,0,2,1355,0,25,1,1,1,177,3,0,61,3,1,1,3,1,74728.22813158945,8916,1,0,0,23,4,4,80,1,8,3,3,8,7,5,7
36,0,2,216,1,6,2,3,1,178,2,1,84,3,2,4,2,0,3540.1679012032605,2819,6,0,0,20,4,4,80,2,7,0,3,3,2,0,1
51,1,1,1150,1,8,4,1,1,179,1,1,53,1,3,4,4,2,-666.8629185748778,25150,2,0,0,15,3,4,80,0,18,2,3,4,2,0,3
39,0,2,1329,2,4,4,1,1,182,4,0,47,2,2,7,3,1,13473.010752076281,14590,4,0,0,14,3,3,80,1,17,1,4,15,11,5,9
25,0,2,959,2,28,3,1,1,183,1,1,41,2,2,7,3,1,39032.78895334898,24835,2,0,0,18,3,4,80,0,6,3,3,2,2,2,2
30,0,2,1240,0,9,3,0,1,184,3,1,48,3,2,1,4,1,-12999.127279887394,13982,0,0,1,19,3,4,80,0,12,2,1,11,9,4,7
32,1,2,1033,1,9,3,3,1,190,1,0,41,3,1,2,1,2,35185.245084217684,10224,7,0,0,22,4,1,80,0,10,2,4,5,4,0,4
45,0,2,1316,1,29,3,3,1,192,3,1,83,3,1,6,4,2,-668.7879607722598,9752,5,0,0,13,3,2,80,0,9,2,2,6,5,0,3
38,0,2,364,1,3,5,5,1,193,4,0,32,3,2,6,3,2,5959.945719947878,2302,3,0,1,20,4,2,80,0,19,2,3,3,2,2,2
30,0,2,438,1,18,3,1,1,194,1,0,75,3,1,6,3,2,59986.74712822084,23910,1,0,0,14,3,3,80,0,5,4,2,5,4,0,4
32,0,1,689,2,9,2,3,1,195,4,1,35,1,2,7,4,0,36813.34908725355,22812,0,0,0,17,3,4,80,3,9,2,4,8,7,0,7
30,0,2,201,1,5,3,5,1,197,4,0,84,3,1,6,1,0,6999.240574572134,10415,5,0,0,14,3,4,80,1,8,3,3,3,2,2,2
30,0,2,1427,1,2,1,3,1,198,2,1,35,2,1,2,4,2,1066.0609377616347,11162,0,0,0,13,3,4,80,0,6,3,3,5,3,1,2
41,0,1,857,1,10,3,1,1,199,4,1,91,2,4,3,1,0,14519.9292351863,12888,4,0,0,13,3,2,80,1,21,2,2,7,6,7,7
41,0,2,933,1,9,4,1,1,200,3,1,94,3,1,2,1,1,7438.770949477587,6961,2,0,0,21,4,4,80,1,7,2,3,5,0,1,4
19,0,2,1181,1,3,1,3,1,201,2,0,79,3,1,2,2,2,8130.07427605425,16102,1,0,0,14,3,4,80,0,1,3,3,1,0,0,0
40,0,1,1395,1,26,3,3,1,202,2,0,54,3,2,6,2,0,46499.894760639385,8504,1,0,0,11,3,1,80,1,20,2,3,20,7,2,13
35,0,2,662,2,1,5,2,1,204,3,1,94,3,3,7,2,1,-42651.39366639244,11439,1,0,0,13,3,1,80,2,10,3,3,10,8,0,6
53,0,2,1436,2,6,2,2,1,205,2,1,34,3,2,8,3,1,-3455.5713334596867,16047,2,0,1,20,4,4,80,1,13,3,1,7,7,4,5
45,0,2,194,1,9,3,1,1,206,2,1,60,3,2,2,2,0,12874.879429358472,10901,8,0,0,18,3,3,80,1,20,2,1,17,9,0,15
32,0,1,967,2,8,3,2,1,207,2,0,43,3,3,7,4,2,-29365.71629833029,15589,1,0,0,14,3,4,80,0,9,2,3,9,8,3,7
29,0,0,1496,1,1,1,5,1,208,4,1,41,3,2,4,3,1,-4428.615425489972,26283,1,0,0,13,3,1,80,1,10,1,3,10,7,0,9
51,0,2,1169,1,7,4,3,1,211,2,1,34,2,2,4,3,1,-644.7126559131148,13983,2,0,0,17,3,3,80,0,10,2,3,1,0,0,0
58,0,2,1145,1,9,3,3,1,214,2,0,75,2,1,6,2,1,13425.704332835317,11873,4,0,1,20,4,2,80,1,9,3,2,1,0,0,0
40,0,2,630,2,4,4,2,1,215,3,1,67,2,3,7,4,1,21378.253903428187,8552,7,0,0,11,3,1,80,1,15,2,2,12,11,2,11
34,0,1,303,2,2,4,2,1,216,3,0,75,3,1,8,3,1,-50224.35756695622,11314,6,0,0,18,3,4,80,1,6,3,3,4,3,1,2
22,0,2,1256,1,19,1,3,1,217,3,1,80,3,1,6,4,1,-7062.868974055986,11992,1,0,0,24,4,1,80,2,2,6,3,2,2,2,2
27,0,0,691,1,9,3,3,1,218,4,1,57,3,1,6,2,0,-475.34073300007185,5970,6,0,0,18,3,4,80,1,6,1,1,2,2,2,2
28,0,2,440,1,21,3,3,1,221,3,1,42,3,1,6,4,1,6229.234080381695,6672,1,0,0,11,3,3,80,1,5,2,1,5,2,0,2
57,0,2,334,1,24,2,1,1,223,3,1,83,4,3,0,4,0,-35628.41949868502,23402,3,0,1,16,3,2,80,1,12,2,1,5,3,1,4
27,0,0,1450,1,3,3,3,1,224,3,1,79,2,1,6,3,0,-19384.416353652152,25326,1,0,1,15,3,4,80,1,1,2,2,1,1,0,1
50,0,2,1452,1,11,3,1,1,226,3,0,53,3,5,3,2,2,30896.8759167901,17053,3,0,0,15,3,2,80,0,21,5,3,5,4,4,4
41,0,2,465,1,14,3,1,1,227,1,1,56,3,1,6,3,0,2266.920486852316,4609,4,0,0,12,3,1,80,1,13,2,3,9,8,1,8
30,0,2,1339,2,5,3,1,1,228,2,0,41,3,3,7,4,1,725.9561673328935,8053,2,0,0,12,3,3,80,1,12,2,3,10,9,7,4
38,0,2,702,2,1,4,1,1,230,1,0,59,2,2,7,4,2,3767.2797430795754,12930,4,0,0,22,4,3,80,0,12,2,4,8,3,0,7
32,0,2,120,1,6,5,1,1,231,3,1,43,3,1,6,3,2,79412.60278527308,12430,3,0,0,20,4,1,80,0,8,2,3,5,4,1,4
27,0,2,1157,1,17,3,5,1,233,3,1,51,3,1,6,2,1,54601.74180555263,13364,0,0,1,16,3,4,80,1,6,3,2,5,2,1,1
19,1,1,602,2,1,1,5,1,235,3,0,100,1,1,8,1,2,50429.73759431888,20989,0,0,0,21,4,1,80,0,1,5,4,0,0,0,0
36,0,1,1480,1,3,2,3,1,238,4,1,30,3,1,2,2,2,3744.1777861253104,15062,4,0,0,12,3,3,80,0,13,3,2,8,7,7,2
30,0,0,111,1,9,3,3,1,239,3,1,66,3,2,2,1,0,-32242.72844313977,11012,1,0,0,11,3,3,80,2,12,4,3,12,9,6,10
45,0,2,1268,2,4,2,1,1,240,3,0,30,3,2,7,1,0,-30649.42734956766,6319,4,0,1,11,3,1,80,1,9,3,4,5,4,0,3
56,0,2,713,1,8,3,1,1,241,3,0,67,3,1,6,1,0,24848.098710848448,13939,4,0,1,18,3,3,80,1,19,3,3,2,2,2,2
33,0,2,134,1,2,3,1,1,242,3,1,90,3,1,6,4,2,31849.981855367212,10515,0,0,0,14,3,1,80,0,4,2,4,3,1,0,2
19,1,2,303,1,2,3,1,1,243,2,1,47,2,1,2,4,2,5680.721749060187,9241,1,0,0,22,4,3,80,0,1,3,2,1,0,1,0
46,0,2,526,2,1,2,2,1,244,2,0,92,3,3,7,1,0,2969.5298052591925,2137,1,0,0,25,4,3,80,3,24,2,3,24,13,15,7
38,0,2,1380,1,9,2,1,1,245,3,0,75,3,1,2,4,2,47410.210834233665,6319,1,0,0,12,3,3,80,0,2,3,3,2,2,2,1
31,0,2,140,1,12,1,3,1,246,3,0,95,3,1,6,4,1,14074.991879273432,6984,8,0,1,23,4,3,80,1,7,0,3,4,2,0,2
34,0,2,629,1,27,2,3,1,247,4,0,95,3,1,6,2,2,30404.97553182657,5711,2,0,0,15,3,4,80,0,9,3,3,3,2,1,2
41,1,2,1356,2,20,2,2,1,248,2,0,70,3,1,8,2,2,5702.798184343364,21728,1,0,1,22,4,4,80,0,4,5,2,4,3,0,2
50,0,2,328,1,1,3,3,1,249,3,1,86,2,1,2,3,1,-42048.6719002397,3425,2,0,0,15,3,4,80,1,5,2,2,3,2,0,2
53,0,2,1084,1,13,2,3,1,250,4,0,57,4,2,4,1,0,-1946.9976962124665,26250,1,0,0,11,3,3,80,2,5,3,3,4,2,1,3
33,0,2,931,1,14,3,3,1,252,4,0,72,3,1,6,2,1,-19313.49144715734,4673,1,0,0,13,3,4,80,1,8,5,3,8,7,1,6
40,0,2,989,1,4,1,3,1,253,4,0,46,3,5,3,3,1,20328.035813744944,6499,1,0,0,14,3,2,80,1,21,2,3,20,8,9,9
55,0,2,692,1,14,4,3,1,254,3,1,61,4,5,5,2,2,30700.855001850723,13339,8,0,0,11,3,4,80,0,36,3,3,24,15,2,15
34,0,1,1069,1,2,1,1,1,256,4,1,45,2,2,4,3,1,1558.5847605484896,14074,1,0,0,17,3,3,80,0,10,2,2,10,9,1,9
51,0,2,313,1,3,3,3,1,258,4,0,98,3,4,0,2,2,17031.379773214776,7192,3,0,0,18,3,3,80,0,21,6,3,7,7,1,0
52,0,2,699,1,1,4,1,1,259,3,1,65,2,5,3,3,1,18935.519061522307,5678,0,0,0,14,3,1,80,1,34,5,3,33,18,11,9
27,0,2,894,1,9,3,3,1,260,4,0,99,3,1,6,2,2,12924.018112730846,11781,1,0,0,16,3,4,80,0,7,2,2,7,7,0,3
35,1,2,556,1,23,2,1,1,261,2,1,50,2,2,4,3,1,-7144.091010365302,15497,3,0,1,13,3,1,80,0,8,1,3,1,0,0,1
43,0,0,1344,1,7,3,3,1,262,4,1,37,4,1,6,4,0,32233.575910060725,5228,4,0,0,14,3,4,80,3,7,3,4,5,4,2,2
45,0,0,1195,1,2,2,3,1,264,1,1,65,2,4,3,4,1,45650.413593571924,20462,9,0,0,23,4,4,80,1,22,1,3,20,8,11,8
37,0,2,290,1,21,3,1,1,267,2,1,65,4,1,6,1,1,-29522.566330588525,22977,1,0,1,12,3,1,80,1,8,3,2,8,7,1,7
35,0,1,138,1,2,3,3,1,269,2,0,37,3,2,2,2,2,-63628.26325374609,15986,5,0,0,11,3,4,80,0,10,5,3,6,2,1,2
42,0,0,926,1,21,2,3,1,270,3,0,36,3,2,4,3,0,31638.364749823366,16439,2,0,0,16,3,2,80,1,11,5,3,5,3,0,2
38,0,2,1261,1,2,4,1,1,271,4,1,88,3,2,4,3,1,-17848.484622949967,7259,9,0,0,14,3,2,80,0,14,3,3,1,0,0,0
38,0,2,1084,1,29,3,5,1,273,4,1,54,3,2,4,4,1,15359.874653791903,4185,3,0,0,18,3,1,80,1,9,3,1,7,7,1,7
27,0,1,472,1,1,1,5,1,274,3,1,60,2,2,4,1,1,27930.771173447247,9679,5,0,0,19,3,3,80,1,6,1,3,2,2,2,0
49,0,0,1002,1,18,4,1,1,275,4,1,92,3,2,4,4,0,37044.92592646014,23793,1,0,1,15,3,1,80,2,7,0,3,7,7,1,7
34,0,1,878,1,10,4,3,1,277,4,1,43,3,1,6,3,0,-7245.5331085442285,5972,1,0,1,17,3,4,80,1,5,4,4,5,3,2,0
40,0,2,905,1,19,2,3,1,281,3,1,99,3,2,2,4,1,-75150.6435359178,16523,8,0,1,15,3,3,80,1,15,2,4,7,2,3,7
38,1,2,1180,1,29,1,3,1,282,2,1,70,3,2,0,1,1,-7849.840454419944,11354,7,0,1,19,3,2,80,0,17,2,3,1,0,0,0
29,1,2,121,2,27,3,2,1,283,2,0,35,3,3,7,4,1,30772.059302344875,24525,1,0,0,22,4,4,80,3,10,3,2,10,4,1,9
22,0,2,1136,1,5,3,1,1,284,4,1,60,4,1,6,2,0,3411.9722503231965,12392,1,0,1,16,3,1,80,1,4,2,2,4,2,2,2
36,0,1,635,1,18,1,3,1,286,2,0,73,3,1,2,4,2,40279.28498551786,7703,1,0,0,13,3,1,80,0,8,2,3,8,1,1,7
40,0,0,1151,1,9,5,1,1,287,4,1,63,2,2,0,4,1,-41472.328118441605,14242,9,0,0,14,3,4,80,1,5,5,1,3,2,0,2
46,0,2,644,1,1,4,3,1,288,4,1,97,3,3,0,1,0,17541.555916744313,12368,7,0,0,16,3,3,80,1,17,3,3,4,2,0,3
32,1,2,1045,2,4,4,3,1,291,4,1,32,1,3,7,4,1,5344.001625155927,25812,1,0,0,11,3,3,80,0,14,2,2,14,8,9,8
30,0,0,829,1,1,1,1,1,292,3,1,88,2,3,4,3,2,-16256.237102912506,20925,1,0,0,22,4,3,80,0,12,2,3,11,8,5,8
27,0,1,1242,2,20,3,1,1,293,4,0,90,3,2,7,3,2,113022.21215048985,12916,1,0,0,14,3,4,80,0,7,2,3,7,7,0,7
51,0,2,1469,1,8,4,1,1,296,2,1,81,2,3,5,2,1,3332.38898970435,15736,5,0,0,16,3,4,80,2,16,5,1,10,9,4,7
30,1,2,1005,1,3,3,5,1,297,4,0,88,3,1,6,1,2,5648.448676567228,8556,5,0,1,11,3,3,80,0,8,5,3,5,2,0,4
41,0,2,896,2,6,3,1,1,298,4,0,75,3,3,3,4,2,19262.474362415418,14674,3,0,1,18,3,3,80,0,16,3,3,1,0,0,0
30,1,1,334,2,26,4,2,1,299,3,0,52,2,2,7,1,2,23164.94463340762,22967,5,0,0,15,3,3,80,0,9,5,2,6,3,0,1
29,1,2,992,1,1,3,5,1,300,3,1,85,3,1,6,3,2,-16006.160030662431,19757,0,0,0,14,3,4,80,0,7,1,2,6,2,1,5
45,0,0,1052,2,6,3,3,1,302,4,0,57,2,3,7,4,2,-11484.1653829864,16840,6,0,0,12,3,4,80,0,23,2,3,19,7,12,8
54,0,2,1147,2,3,3,2,1,303,4,0,52,3,2,7,1,1,-2338.3248395351766,17011,2,0,0,14,3,4,80,1,16,4,3,6,2,0,5
36,0,2,1396,1,5,2,1,1,304,4,1,62,3,2,2,2,2,-36898.497252049565,9945,8,0,0,16,3,4,80,0,16,3,4,13,11,3,7
33,0,2,147,1,4,4,3,1,305,3,0,47,2,1,6,2,1,4070.352687144796,13248,6,0,0,21,4,4,80,0,7,3,3,3,2,1,1
37,0,1,663,1,11,3,4,1,306,2,1,47,3,3,5,4,0,11687.009482775198,10056,1,0,1,14,3,3,80,3,10,1,3,10,8,0,7
38,0,2,119,2,3,3,1,1,307,1,1,76,3,3,7,3,0,51813.90800938211,9647,0,0,0,12,3,3,80,2,17,6,2,16,10,5,13
31,0,0,979,1,1,4,3,1,308,3,1,90,1,2,4,3,1,-28098.693167160643,4381,0,0,0,12,3,4,80,1,6,2,3,5,4,1,4
59,0,2,142,1,3,3,1,1,309,3,1,70,2,1,6,4,1,14321.068849184763,8456,3,0,0,17,3,1,80,1,7,6,3,1,0,0,0
37,0,1,319,2,4,4,2,1,311,1,1,41,3,1,8,4,0,-13734.11107377056,2539,4,0,0,17,3,3,80,1,13,2,3,9,8,5,8
29,0,1,1413,2,1,1,3,1,312,2,0,42,3,3,7,4,1,-44127.082806647224,6599,1,0,0,14,3,4,80,1,11,5,3,11,10,4,1
35,0,1,944,2,1,3,2,1,314,3,0,92,3,3,7,3,2,28588.917758766234,9096,1,0,0,14,3,1,80,0,10,3,4,10,7,0,8
29,1,2,896,1,18,1,3,1,315,3,1,86,2,1,6,4,2,21063.221599537497,14961,1,0,1,13,3,3,80,0,4,3,2,4,3,0,1
52,0,2,1323,1,2,3,1,1,316,3,0,89,2,1,2,4,2,-8238.108501484767,3300,7,0,0,15,3,2,80,0,6,3,2,2,2,2,2
42,0,2,532,1,4,2,5,1,319,3,1,58,3,5,3,4,1,26636.820624409767,4933,1,0,0,11,3,4,80,0,22,3,3,22,17,11,15
59,0,2,818,0,6,2,3,1,321,2,1,52,3,1,1,3,1,-940.617457709347,25657,8,0,0,17,3,4,80,0,7,2,2,2,2,2,2
50,0,2,854,2,1,4,3,1,323,4,0,68,3,5,3,4,0,51098.945502297174,24118,3,0,0,11,3,3,80,1,32,3,2,7,0,0,6
33,1,2,813,1,14,3,3,1,325,3,1,58,3,1,2,4,1,-782.4171332701458,22149,5,0,1,13,3,3,80,1,8,2,1,5,4,0,4
43,0,2,1034,2,16,3,2,1,327,4,0,80,3,4,3,4,1,5963.34974038695,7744,5,0,1,22,4,3,80,1,22,3,3,17,13,1,9
33,1,2,465,1,2,2,1,1,328,1,0,39,3,1,2,1,1,-35059.63223336927,21509,7,0,0,20,4,1,80,0,13,3,4,9,7,1,7
52,0,0,771,2,2,4,1,1,329,1,1,79,2,5,3,3,2,7539.848665677662,21030,1,0,1,18,3,4,80,0,33,2,4,33,7,15,12
32,0,2,1401,2,4,2,1,1,330,3,0,56,3,1,8,2,1,11243.107337241272,20990,2,0,0,11,3,1,80,1,6,5,3,4,3,1,2
32,1,2,515,1,1,3,1,1,331,4,1,62,2,1,2,3,2,10495.257009739496,9571,0,0,1,14,3,4,80,0,4,2,1,3,2,1,2
39,0,2,1431,1,1,4,3,1,332,3,0,96,3,1,2,3,0,27570.27570502926,15417,7,0,0,14,3,3,80,3,7,1,3,3,2,1,2
32,0,0,976,2,26,4,2,1,333,3,1,100,3,2,7,4,1,-54813.73939061389,12069,0,0,0,18,3,1,80,0,4,2,3,3,2,2,2
41,0,2,1411,1,19,2,1,1,334,3,1,36,3,2,6,1,0,-13213.20390784282,19877,2,0,0,16,3,1,80,2,17,2,2,1,0,0,0
40,0,2,1300,1,24,2,5,1,335,1,1,62,3,2,6,4,0,-8338.270521220104,24447,1,0,0,17,3,1,80,2,9,3,3,9,8,4,7
45,0,2,252,1,1,3,4,1,336,3,1,70,4,5,3,4,1,21349.626447223738,15970,0,0,0,11,3,3,80,1,25,2,3,24,0,1,7
31,0,1,1327,1,3,4,3,1,337,2,1,73,3,3,5,3,0,20283.060429433026,13523,9,0,0,12,3,1,80,1,9,3,3,2,2,2,2
33,0,2,832,1,5,4,1,1,338,3,0,63,2,1,6,4,1,21503.016828178468,14776,1,0,0,13,3,3,80,1,2,2,2,2,2,0,2
34,0,2,470,1,2,4,1,1,339,4,1,84,2,2,4,1,1,-45752.17986662247,23687,6,0,0,13,3,2,80,1,13,3,3,11,9,5,9
37,0,2,1017,1,1,2,3,1,340,3,0,83,2,1,6,1,1,2723.844704482419,18697,2,0,0,14,3,1,80,1,17,2,2,3,1,0,2
45,0,1,1199,1,7,4,1,1,341,1,1,77,4,2,4,3,1,-75014.41282102036,5118,4,0,0,17,3,4,80,1,9,1,3,3,2,0,2
37,1,1,504,1,10,3,3,1,342,1,1,61,3,3,4,3,0,-28809.370793888884,22573,6,0,0,11,3,2,80,2,17,5,3,1,0,0,0
39,0,1,505,1,2,4,5,1,343,3,0,64,3,3,0,3,2,8883.771644967765,6420,0,0,0,25,4,4,80,0,20,1,3,19,6,11,8
29,0,2,665,1,15,3,1,1,346,3,1,60,3,1,6,4,2,17330.414754256366,22673,1,0,0,19,3,1,80,0,6,1,3,6,5,1,5
42,0,2,916,1,17,2,1,1,347,4,0,82,4,2,6,1,2,51223.60703746257,23016,3,0,1,13,3,3,80,0,10,1,3,3,2,0,2
29,0,2,1247,2,20,2,2,1,349,4,1,45,3,2,7,4,0,65276.25940221935,10732,2,0,0,14,3,4,80,1,10,2,3,3,2,0,2
25,0,2,685,1,1,3,1,1,350,1,0,62,3,2,4,3,1,64531.54528955029,7505,0,0,0,12,3,4,80,2,5,3,3,4,2,1,2
42,0,2,269,1,2,3,3,1,351,4,0,56,2,1,2,1,0,51460.30212528842,8007,0,0,1,11,3,3,80,1,10,4,3,9,6,7,8
40,0,2,1416,1,2,2,3,1,352,1,1,49,3,5,5,3,0,25633.2114598846,5949,0,0,0,19,3,4,80,1,22,5,3,21,7,3,9
51,0,2,833,1,1,3,1,1,353,3,1,96,3,1,6,4,1,16498.07517931756,23231,1,0,0,11,3,2,80,0,1,0,2,1,0,0,0
31,1,1,307,1,29,2,3,1,355,3,1,71,2,1,2,2,2,38236.748512087564,11652,0,0,0,11,3,2,80,0,6,2,4,5,4,1,4
32,0,1,1311,1,7,3,1,1,359,2,1,100,4,1,2,2,1,883.1679982025937,26062,1,0,0,20,4,3,80,0,5,3,1,5,1,0,3
38,0,0,1327,2,2,2,1,1,361,4,1,39,2,2,7,4,1,4574.255234903177,19682,3,0,0,18,3,4,80,1,13,0,3,8,7,7,5
32,0,2,128,1,2,1,5,1,362,4,1,84,2,2,2,1,2,10236.972414939952,19737,4,0,0,13,3,4,80,0,9,5,3,6,2,0,4
46,0,2,488,2,2,3,5,1,363,3,0,75,1,4,3,2,1,52052.15079697107,14977,3,0,1,12,3,2,80,1,28,2,2,7,7,7,7
28,1,2,529,1,2,4,1,1,364,1,1,79,3,1,2,3,2,27174.594473922898,14935,2,0,0,11,3,3,80,0,5,5,1,0,0,0,0
29,0,2,1210,2,2,3,3,1,366,1,1,78,2,2,7,2,1,-72075.56087025198,3687,2,0,0,19,3,2,80,2,10,2,3,0,0,0,0
31,0,2,1463,1,23,3,3,1,367,2,1,64,2,2,0,4,1,-24027.687655688344,14408,0,0,0,21,4,2,80,1,10,2,3,9,0,7,8
25,0,0,675,1,5,2,1,1,369,2,1,85,4,2,0,1,0,-17875.75103483874,18384,1,0,0,12,3,4,80,2,6,2,3,6,3,1,5
45,0,2,1385,1,20,2,3,1,372,3,1,79,3,4,0,4,1,9460.184387735748,7501,0,0,1,14,3,2,80,0,21,2,3,20,7,4,10
36,0,2,1403,1,6,3,1,1,373,4,1,47,3,1,2,4,1,-971.5458963927249,20251,0,0,0,11,3,3,80,1,16,4,3,15,13,10,11
55,0,2,452,1,1,3,3,1,374,4,1,81,3,5,3,1,2,6919.420629197952,18938,0,0,1,14,3,3,80,0,37,2,3,36,10,4,13
47,1,0,666,1,29,4,1,1,376,1,1,88,3,3,3,2,1,-8019.119852880911,10268,1,0,1,12,3,4,80,1,10,2,2,10,7,9,9
28,0,2,1158,1,9,3,3,1,377,4,1,94,3,1,6,4,1,-46144.3534715384,2613,1,0,0,23,4,4,80,1,5,3,2,5,2,0,4
37,0,2,228,2,6,4,3,1,378,3,1,98,3,2,7,4,1,-23837.36636068954,22825,4,0,0,14,3,2,80,1,7,5,4,5,4,0,1
21,0,2,996,1,3,2,3,1,379,4,1,100,2,1,6,3,2,3936.4651936168466,10531,1,0,0,17,3,1,80,0,3,4,4,3,2,1,0
37,0,0,728,1,1,4,3,1,380,1,0,80,3,3,5,4,0,52883.97619253236,11677,2,0,1,18,3,1,80,2,15,2,3,5,2,0,2
35,0,2,1315,1,22,3,1,1,381,2,0,71,4,3,3,2,0,-45528.4963557451,19100,7,0,0,18,3,2,80,1,10,6,2,7,7,6,2
38,0,2,322,2,7,2,3,1,382,1,0,44,4,2,7,1,0,4744.359470742551,19191,1,0,1,24,4,3,80,1,8,3,3,8,0,7,7
26,0,1,1479,1,1,3,1,1,384,3,0,84,3,2,4,2,0,14649.55475423419,26767,1,0,0,20,4,1,80,1,6,6,1,6,5,1,4
50,0,2,797,1,4,1,1,1,385,1,1,96,3,5,5,2,0,25648.454887675096,15815,3,0,0,14,3,1,80,2,28,4,2,10,4,1,6
53,0,2,1070,1,3,4,3,1,386,3,1,45,3,4,5,3,1,34859.12710447268,21016,3,0,1,16,3,4,80,3,21,5,2,5,3,1,3
42,0,2,635,2,1,1,1,1,387,2,1,99,3,2,7,3,1,-36780.606986309416,24532,1,0,0,25,4,3,80,0,20,3,3,20,16,11,6
29,0,1,442,2,2,2,1,1,388,2,1,44,3,2,7,4,2,75.07520289161857,20260,1,0,0,18,3,1,80,0,10,3,2,10,7,0,9
55,0,2,147,1,20,2,5,1,389,2,1,37,3,2,2,4,1,15821.509917085592,15972,3,0,1,19,3,4,80,1,12,4,3,10,7,0,8
26,0,1,496,1,11,2,3,1,390,1,1,60,3,2,0,1,1,-20092.053897337857,22722,1,0,1,13,3,3,80,1,5,3,3,5,3,3,3
37,0,2,1372,1,1,3,1,1,391,4,0,42,3,1,6,4,2,30580.67057376664,15881,1,0,0,12,3,2,80,0,17,3,3,17,12,5,7
44,1,1,920,1,24,3,1,1,392,4,1,43,3,1,2,3,0,-3264.4857741325895,19920,3,0,1,22,4,4,80,1,19,0,1,1,0,0,0
38,0,2,688,1,23,4,1,1,393,4,1,82,3,2,0,4,0,13772.174369650085,18899,9,0,0,14,3,2,80,1,10,2,3,2,2,1,2
26,1,2,1449,1,16,4,3,1,394,1,1,45,3,1,2,2,0,2919.466612454231,14180,2,0,1,13,3,4,80,1,5,2,3,3,2,0,2
28,0,2,1117,1,8,2,1,1,395,4,0,66,3,1,6,4,2,21823.435387441947,4488,1,0,0,21,4,4,80,0,5,3,3,5,3,0,2
49,0,1,636,1,10,4,1,1,396,3,0,35,3,5,5,1,2,28196.468957889272,25594,9,0,1,11,3,4,80,0,22,4,3,3,2,1,2
36,0,2,506,1,3,3,5,1,397,3,1,30,3,2,6,2,2,38416.10009783851,26285,4,0,0,12,3,4,80,0,10,2,3,8,0,7,7
31,0,1,444,2,5,3,2,1,399,4,0,84,3,1,8,2,0,35022.3093258049,3909,1,0,0,11,3,3,80,1,2,5,2,2,2,2,2
26,1,2,950,2,4,4,2,1,401,4,1,48,2,2,7,4,2,-4831.549693105329,8450,1,0,1,12,3,2,80,0,8,0,3,8,7,7,4
37,0,1,889,1,9,3,3,1,403,2,1,53,3,1,6,4,1,-3464.4342454228627,11411,1,0,1,12,3,3,80,3,4,3,2,4,2,1,2
42,0,1,555,2,26,3,2,1,404,3,0,77,3,4,7,2,1,36096.80317767153,14864,5,0,0,14,3,4,80,1,23,2,4,20,4,4,8
18,1,2,230,1,3,3,1,1,405,3,1,54,3,1,2,3,2,15893.146483125834,25233,1,0,0,13,3,3,80,0,0,2,3,0,0,0,0
35,0,2,1232,2,16,3,2,1,406,3,1,96,3,3,7,2,1,-11311.751653651358,5100,0,0,0,15,3,3,80,2,12,3,2,11,9,6,9
36,0,1,566,1,18,4,1,1,407,3,1,81,4,1,2,4,1,-98851.18500603802,7122,4,0,0,18,3,4,80,2,4,2,3,1,0,0,0
51,0,2,1302,1,2,3,3,1,408,4,1,84,1,2,4,2,0,-27425.046136224104,16321,5,0,0,18,3,4,80,1,13,3,3,4,1,1,2
41,0,2,334,2,2,4,1,1,410,4,1,88,3,4,3,2,2,62185.72106091395,15896,1,0,0,19,3,2,80,0,22,2,3,22,10,0,4
18,0,2,812,2,10,3,3,1,411,4,0,69,2,1,8,3,2,156.76772923193744,9724,1,0,0,12,3,1,80,0,0,2,3,0,0,0,0
28,0,2,1476,1,16,2,3,1,412,2,1,68,4,2,0,1,2,-46530.64399038303,4824,0,0,0,19,3,3,80,0,9,2,3,8,3,0,7
31,0,2,218,2,7,3,5,1,416,2,1,100,4,2,7,4,1,55008.4875807559,12241,4,0,0,11,3,2,80,1,10,3,2,8,7,7,7
39,0,2,1132,1,1,3,3,1,417,3,1,48,4,3,0,4,0,-20271.74146802849,10942,0,0,0,17,3,1,80,3,19,5,2,18,10,3,7
36,0,0,1105,1,24,4,1,1,419,2,0,47,3,2,2,2,1,-16524.075465094655,6927,7,0,0,15,3,3,80,1,11,3,3,9,8,0,8
32,0,2,906,2,7,3,1,1,420,4,1,91,2,2,7,3,1,-11044.145502010895,16985,1,0,0,14,3,3,80,1,13,3,2,13,8,4,8
38,0,2,849,1,25,2,1,1,421,1,0,81,2,3,5,2,1,5871.350981042594,26707,3,0,0,17,3,3,80,1,19,2,3,10,8,0,1
58,0,0,390,1,1,4,1,1,422,4,1,32,1,2,0,3,0,-49910.146579495085,17056,2,0,1,13,3,4,80,1,12,2,3,5,3,1,2
31,0,2,691,1,5,4,5,1,423,3,1,86,3,1,6,4,1,30261.37520683444,10077,0,0,1,12,3,3,80,1,6,4,3,5,2,0,3
31,0,2,106,0,2,3,0,1,424,1,1,62,2,2,1,1,1,24315.704823011816,17822,3,0,0,12,3,4,80,0,9,1,3,2,2,1,0
45,0,1,1249,1,7,3,1,1,425,1,1,97,3,3,2,1,0,17382.89363832907,20308,1,0,0,18,3,1,80,1,24,2,3,24,9,9,11
31,0,2,192,1,2,4,1,1,426,3,1,32,3,1,6,4,0,-4013.750600384191,7747,0,0,1,18,3,2,80,1,3,2,1,2,2,2,2
33,0,1,553,1,5,4,1,1,428,4,0,74,3,3,3,2,1,17618.099237668284,23364,6,0,0,11,3,2,80,2,12,2,3,10,6,8,8
39,0,2,117,1,10,1,3,1,429,3,1,99,3,4,3,1,1,-12626.792720431979,5355,1,0,1,14,3,4,80,0,21,3,3,21,9,11,10
43,0,1,185,1,10,4,1,1,430,3,0,33,3,1,2,4,2,-29722.658489836038,10675,0,0,0,19,3,1,80,0,9,5,3,8,7,1,7
49,0,2,1091,1,1,2,5,1,431,3,0,90,2,4,0,3,2,2663.8076238497233,17810,7,0,1,12,3,4,80,0,25,2,3,7,1,0,7
52,1,2,723,1,8,4,3,1,433,3,1,85,2,2,6,2,1,59424.15936764824,17747,2,0,0,15,3,1,80,0,11,3,2,8,2,7,7
27,0,2,1220,1,5,3,1,1,434,3,0,85,3,1,6,2,2,-49630.676169251194,20938,1,0,1,12,3,2,80,0,4,2,2,4,3,1,2
32,0,2,588,2,8,2,5,1,436,3,0,65,2,2,7,2,1,9931.974352522482,24624,1,0,1,11,3,4,80,0,13,2,3,13,12,11,9
27,0,2,1377,2,2,3,1,1,437,4,1,74,3,2,7,3,2,4357.467299700353,5242,1,0,1,11,3,1,80,0,5,3,3,5,4,0,4
31,0,2,691,2,7,3,2,1,438,4,1,73,3,2,7,4,0,3370.7193521053005,7143,4,0,0,12,3,4,80,3,13,3,3,7,7,1,7
32,0,2,1018,1,2,4,3,1,439,1,0,74,4,2,6,4,2,-21516.525406323555,10557,7,0,0,16,3,3,80,0,10,0,2,7,7,0,7
28,1,2,1157,1,2,4,3,1,440,1,1,84,1,1,6,4,1,8942.092080324463,24737,5,0,1,13,3,4,80,0,5,4,2,3,2,2,2
30,0,2,1275,1,28,2,3,1,441,4,0,64,3,2,6,4,1,4383.162302017714,11934,1,0,0,13,3,4,80,2,11,2,3,10,8,1,9
31,0,1,798,1,7,2,1,1,442,3,0,48,2,3,4,3,1,18744.117519870575,14034,1,0,0,24,4,1,80,1,10,2,3,10,9,8,9
39,0,1,672,1,7,2,3,1,444,3,1,54,2,5,3,4,1,15365.894261671821,21141,1,0,0,15,3,1,80,1,21,2,3,21,9,13,3
39,1,2,1162,2,3,2,3,1,445,4,0,41,3,2,7,3,1,23891.609300218486,17778,4,0,1,18,3,1,80,0,12,3,2,1,0,0,0
33,0,1,508,2,10,3,2,1,446,2,1,46,2,2,7,4,2,60690.77558824583,4317,3,0,0,14,3,3,80,0,9,6,2,7,7,0,1
47,0,2,1482,1,5,5,1,1,447,4,1,42,3,5,5,3,1,56506.63567540821,16375,4,0,0,11,3,2,80,1,21,2,3,3,2,1,1
43,0,1,559,1,10,4,1,1,448,3,0,82,2,2,2,3,0,2880.8144282088087,6227,1,0,0,11,3,2,80,1,9,3,4,9,7,0,0
27,0,0,210,2,1,1,2,1,449,3,1,73,3,2,7,2,1,-5177.242358096277,22107,0,0,1,13,3,4,80,1,6,0,3,5,4,1,4
54,0,1,928,1,20,4,1,1,450,4,0,31,3,2,6,3,2,-17477.120724589928,16885,3,0,0,12,3,4,80,0,20,4,2,4,3,0,3
43,0,2,1001,1,7,3,1,1,451,3,0,43,3,3,0,1,1,42994.772900757045,9262,8,0,0,16,3,1,80,1,10,1,2,1,0,0,0
45,0,2,549,1,8,4,4,1,452,4,1,75,3,2,6,4,1,-21444.34613552449,9278,9,0,0,14,3,1,80,2,12,3,3,10,9,9,8
40,0,2,1124,2,1,2,3,1,453,2,1,57,1,2,7,4,1,10113.536023986151,13273,2,0,1,22,4,3,80,3,6,2,2,4,3,0,2
29,1,2,318,1,8,4,4,1,454,2,1,77,1,1,2,1,1,30327.712965473263,4759,1,0,1,11,3,4,80,0,7,4,2,7,7,0,7
29,0,2,738,1,9,5,4,1,455,2,1,30,2,1,2,4,2,-65898.32441029944,7621,0,0,0,17,3,3,80,0,4,2,3,3,2,2,2
30,0,2,570,2,5,3,2,1,456,4,0,30,2,2,7,3,0,68630.50629146554,5431,1,0,0,13,3,3,80,3,10,2,3,10,9,1,2
27,0,2,1130,2,8,4,2,1,458,2,0,56,3,2,7,2,1,11774.317228618085,3415,1,0,0,18,3,1,80,1,8,3,3,8,7,0,7
37,0,2,1192,1,5,2,3,1,460,4,1,61,3,2,4,4,0,26696.19627333452,23177,7,0,0,16,3,3,80,2,8,2,2,6,2,0,4
38,0,2,343,1,15,2,1,1,461,3,1,92,2,3,5,4,0,21394.210241394525,15682,0,0,1,14,3,2,80,1,12,3,3,11,10,2,9
31,0,2,1232,1,7,4,3,1,462,3,0,39,3,3,4,4,2,33554.945848425516,25713,1,0,1,14,3,3,80,0,11,2,2,11,9,4,10
29,0,2,144,2,10,1,2,1,463,4,0,39,2,2,7,2,0,15413.021539600548,11866,1,0,1,14,3,1,80,2,7,2,3,7,7,1,7
35,0,2,1296,1,5,4,5,1,464,3,1,62,3,3,4,2,2,-12717.19493134542,18264,0,0,0,13,3,4,80,0,17,5,3,16,6,0,13
23,0,2,1309,1,26,1,1,1,465,3,1,83,3,1,6,4,0,-4769.430190623052,16092,1,0,0,12,3,3,80,2,4,2,2,4,2,0,2
41,0,2,483,1,6,3,3,1,466,4,1,95,2,2,4,2,2,20718.317741476436,10110,6,0,1,15,3,4,80,0,8,3,3,5,4,1,2
47,0,1,1309,2,4,1,3,1,467,2,1,99,3,2,8,3,2,6618.026817625258,25751,3,0,0,19,3,1,80,0,5,3,3,0,0,0,0
42,0,2,810,1,23,5,1,1,468,1,0,44,3,4,5,4,2,12002.38432240566,15901,2,0,0,14,3,2,80,0,16,2,3,1,0,0,0
29,0,0,746,2,2,3,1,1,469,4,1,61,3,2,7,3,1,24697.113565609685,16928,1,0,0,14,3,1,80,1,4,3,2,4,3,0,2
42,0,2,544,0,2,1,5,1,470,3,1,52,3,1,1,3,0,9126.14583247692,24017,0,0,1,11,3,3,80,1,4,5,3,3,2,1,0
32,0,2,1062,1,2,3,3,1,471,3,0,75,3,1,2,2,1,-8629.413934200253,3956,1,0,0,13,3,3,80,1,8,4,3,8,0,0,7
48,0,2,530,2,29,1,3,1,473,1,0,91,3,3,3,3,1,4488.424224150202,23978,3,0,0,21,4,2,80,1,15,3,1,0,0,0,0
37,0,2,1319,1,6,3,3,1,474,3,1,51,4,2,6,1,0,-2948.9466721557455,17001,4,0,1,13,3,1,80,2,13,2,3,7,7,6,7
30,0,0,641,2,25,2,5,1,475,4,0,85,3,2,7,3,1,-27246.083156993405,6069,7,0,1,12,3,2,80,1,4,2,4,2,2,2,2
26,0,2,933,2,1,3,1,1,476,3,1,57,3,2,7,3,1,-1414.7704836693565,20156,1,0,0,17,3,2,80,1,8,3,3,8,7,7,7
42,0,2,1332,1,2,4,4,1,477,1,1,98,2,2,0,4,2,11101.154355225684,17078,3,0,0,23,4,2,80,0,14,6,3,1,0,0,0
21,1,1,756,2,1,1,5,1,478,1,0,99,2,1,8,2,2,-49169.885828615894,9150,1,0,1,11,3,3,80,0,3,3,3,3,2,1,2
36,0,0,845,2,1,5,3,1,479,4,0,45,3,2,7,4,2,20623.98364716576,15276,4,0,0,15,3,2,80,0,7,6,3,1,0,0,0
36,0,1,541,2,3,4,3,1,481,1,1,48,2,3,7,4,1,3958.927716523928,7246,4,0,0,11,3,1,80,1,16,2,3,13,9,1,12
57,0,2,593,1,1,4,3,1,482,4,1,88,3,2,0,3,1,6789.717148406157,2967,2,0,0,11,3,3,80,0,15,2,3,3,2,1,2
40,0,2,1171,1,10,4,1,1,483,4,0,46,4,1,2,3,1,-9585.809567653605,22495,3,0,1,13,3,3,80,1,10,3,3,7,7,1,7
21,0,0,895,2,9,2,3,1,484,1,1,39,3,1,8,4,2,19931.806537755543,2851,1,0,0,24,4,3,80,0,3,3,2,3,2,2,2
33,1,2,350,2,5,3,2,1,485,4,0,34,3,1,8,3,2,-9193.555563688711,9150,1,0,1,13,3,2,80,0,1,2,3,1,0,0,0
37,0,2,921,1,10,3,3,1,486,3,0,98,3,1,2,1,1,-2919.537958638537,17663,6,0,0,20,4,2,80,1,17,3,3,5,4,0,3
46,0,0,1144,1,7,4,3,1,487,3,0,30,3,2,4,3,1,-33152.25697363829,16044,2,0,0,14,3,3,80,0,7,2,4,1,0,0,0
41,1,1,143,2,4,3,2,1,488,1,1,56,3,2,7,2,2,56170.791117729794,9558,1,0,0,18,3,3,80,0,8,5,3,8,7,7,7
50,0,2,1046,1,10,3,5,1,491,4,1,100,2,3,0,4,2,9378.68909175386,2755,6,0,0,15,3,4,80,0,20,2,3,4,3,1,3
40,1,2,575,2,22,2,2,1,492,3,1,68,2,2,7,3,1,-39627.24653089152,6110,2,0,1,12,3,1,80,2,8,6,3,6,4,1,0
31,0,2,408,1,9,4,1,1,493,3,1,42,2,1,6,2,2,-52717.75762852438,7551,0,0,1,16,3,4,80,0,3,5,3,2,2,2,2
21,1,2,156,2,12,3,1,1,494,3,0,90,4,1,8,2,2,40832.11570036942,25422,1,0,0,15,3,4,80,0,1,0,3,1,0,0,0
29,0,2,1283,1,23,3,1,1,495,4,1,54,3,1,6,4,2,-34069.853273019944,18168,9,0,0,16,3,4,80,0,6,4,3,3,2,1,2
35,0,2,755,1,9,4,1,1,496,3,1,97,2,2,0,2,2,32547.6145162229,19394,9,0,0,19,3,3,80,0,10,5,3,1,1,0,0
27,0,2,1469,1,1,2,3,1,497,4,1,82,3,1,2,2,0,4454.943009923422,17881,1,0,0,11,3,2,80,1,5,2,3,5,2,0,4
28,0,2,304,2,9,4,1,1,498,2,1,92,3,2,7,4,2,-37148.63011120477,20750,1,0,0,16,3,4,80,0,7,1,3,7,5,0,7
49,0,2,1261,1,7,3,4,1,499,2,1,31,2,3,0,3,2,-30781.941438129325,12066,8,0,0,24,4,3,80,0,26,2,3,5,2,0,0
51,0,2,1178,2,14,2,1,1,500,3,0,87,3,2,7,4,1,-535.6380126535241,14862,4,0,0,11,3,3,80,1,18,2,2,7,7,0,7
36,0,2,329,1,2,3,1,1,501,4,0,96,3,1,6,3,1,-2724.228373609315,11868,4,0,0,13,3,2,80,1,6,3,3,2,2,2,2
34,1,0,1362,2,19,3,2,1,502,1,1,67,4,2,7,4,2,-23197.658200956033,4652,8,0,1,13,3,2,80,0,9,3,2,5,2,0,4
55,0,2,1311,1,2,3,1,1,505,3,0,97,3,4,3,4,2,7191.298682148641,23258,2,0,1,13,3,3,80,0,30,2,3,5,4,1,2
24,0,2,1371,2,10,4,2,1,507,4,0,77,3,2,7,3,0,22957.546637219373,5915,1,0,1,12,3,4,80,1,5,2,4,5,2,0,3
30,0,2,202,2,2,1,5,1,508,3,1,72,3,1,8,2,1,-34323.316475733074,17434,1,0,0,18,3,1,80,1,1,3,3,1,0,0,0
26,1,1,575,1,3,1,5,1,510,3,1,73,3,1,6,1,2,35261.96930297061,6582,0,0,0,22,4,3,80,0,7,2,3,6,4,0,4
22,0,2,253,1,11,3,3,1,511,1,0,43,3,1,6,2,1,-3413.0937952901377,24440,1,0,0,13,3,4,80,1,2,1,3,2,1,1,2
36,0,2,164,2,2,2,3,1,513,2,1,61,2,3,7,3,1,-97452.94497539883,3809,1,0,0,13,3,2,80,2,10,2,3,10,9,9,0
30,1,1,464,1,4,3,5,1,514,3,1,40,3,1,6,4,2,24315.07206709483,3427,9,0,1,23,4,3,80,0,3,4,3,1,0,0,0
37,0,2,1107,1,14,3,1,1,515,4,0,95,3,1,2,1,0,2820.9756346111308,26914,1,0,0,12,3,3,80,1,18,2,2,18,7,12,17
40,0,2,759,2,2,2,2,1,516,4,0,46,3,2,7,2,0,2313.9137516780606,22553,7,0,0,12,3,3,80,2,8,5,3,5,4,1,3
42,0,2,201,1,1,4,1,1,517,2,0,95,3,1,2,1,0,54801.74568489198,20490,3,0,0,16,3,2,80,1,8,5,3,5,2,1,2
37,0,2,1305,1,10,4,1,1,518,3,1,49,3,2,4,2,2,24372.989746647927,21123,2,0,1,12,3,4,80,0,18,2,2,1,0,0,1
43,0,2,982,1,12,3,1,1,520,1,1,59,2,4,5,2,0,23343.965829509394,4345,1,0,0,11,3,3,80,1,25,3,3,25,10,3,9
40,0,2,555,1,2,3,3,1,521,2,0,78,2,2,2,3,1,43721.495131069176,13436,6,0,0,22,4,2,80,1,20,3,3,1,0,0,0
54,0,2,821,1,5,2,3,1,522,1,1,86,3,5,5,1,1,7420.489102288133,8509,4,0,0,11,3,3,80,1,24,4,2,4,2,1,2
34,0,0,1381,2,4,4,2,1,523,3,0,72,3,2,7,3,1,-23622.919610927358,12740,9,0,0,15,3,1,80,1,6,3,3,3,2,1,2
31,0,2,480,1,7,2,3,1,524,2,0,31,3,2,4,1,1,29184.496038074212,4156,1,0,0,12,3,2,80,1,13,5,1,13,10,3,12
43,0,1,313,1,21,3,3,1,525,4,1,61,3,1,2,4,1,6346.86806672821,15238,7,0,0,20,4,1,80,1,8,1,3,3,2,1,2
43,0,2,1473,1,8,4,4,1,526,3,0,74,3,2,0,3,0,-24053.52519588959,2227,4,0,1,14,3,4,80,0,8,3,3,5,2,0,2
25,0,2,891,2,4,2,1,1,527,2,0,99,2,2,7,4,2,6902.911775646434,12090,1,0,1,11,3,2,80,0,5,3,3,5,4,1,3
37,0,0,1063,1,25,5,3,1,529,2,0,72,3,2,6,3,1,15276.879937748192,23866,3,0,1,15,3,1,80,2,15,2,3,13,11,10,7
31,0,2,329,1,1,2,1,1,530,4,1,98,2,1,2,1,1,-7192.089852414556,16193,1,0,0,12,3,3,80,1,4,3,3,4,2,3,2
39,0,1,1218,1,1,1,1,1,531,2,1,52,3,5,3,3,0,-9909.205286584307,8213,1,0,1,14,3,3,80,1,21,3,3,21,8,1,6
56,0,1,906,2,6,3,1,1,532,3,0,86,4,4,7,1,1,-17350.073207913145,18256,9,0,0,11,3,4,80,3,36,0,2,7,7,7,7
30,0,2,1082,2,12,3,5,1,533,2,0,83,3,2,7,3,2,-17064.161592272954,19558,0,0,0,11,3,2,80,0,6,6,3,5,4,4,4
41,0,2,645,2,1,3,2,1,534,2,1,49,4,3,7,1,1,-3500.373481744313,19566,1,0,0,16,3,3,80,1,10,2,3,10,7,0,7
28,0,2,1300,1,17,2,3,1,536,3,1,79,3,2,2,1,0,-9115.049083881542,13535,1,0,0,12,3,4,80,1,10,2,3,10,0,1,8
25,1,2,688,1,3,3,3,1,538,1,1,91,3,1,2,1,1,17946.332308944275,9396,5,0,0,13,3,3,80,1,6,5,3,2,2,0,2
52,0,2,319,1,3,3,3,1,543,4,1,39,2,3,4,3,1,14130.642672199254,19609,2,0,1,14,3,3,80,0,28,4,3,5,4,0,4
45,0,2,192,1,10,2,1,1,544,1,1,69,3,1,6,4,1,85811.24592775785,9655,3,0,0,21,4,4,80,2,8,3,2,2,2,0,2
52,0,2,1490,1,4,2,1,1,546,4,0,30,3,4,3,4,1,14846.03806756305,10310,2,0,0,13,3,4,80,0,31,2,1,5,2,1,4
42,0,1,532,1,29,2,1,1,547,1,0,92,3,2,6,3,0,-10278.172082478686,12932,2,0,0,11,3,2,80,1,19,3,3,5,4,0,2
30,0,2,317,1,2,3,1,1,548,3,0,43,1,2,4,4,2,14722.83942513411,24793,2,0,0,20,4,3,80,0,11,2,3,5,4,0,2
60,0,2,422,1,7,3,1,1,549,1,0,41,3,5,3,1,1,9770.57373530264,3854,5,0,0,11,3,4,80,0,33,5,1,29,8,11,10
46,0,2,1485,1,18,3,3,1,550,3,0,87,3,2,4,3,0,9743.314374682654,26314,2,0,0,14,3,3,80,1,19,5,2,10,7,0,8
42,0,1,1368,1,28,4,5,1,551,4,0,88,2,2,0,4,1,81931.3470234888,4386,0,0,0,11,3,4,80,3,7,4,4,6,5,0,4
24,1,2,1448,2,1,1,5,1,554,1,0,62,3,1,8,2,2,-18981.108045024008,21972,1,0,1,16,3,2,80,0,6,4,3,5,3,1,4
34,1,1,296,2,6,2,2,1,555,4,0,33,1,1,8,3,0,4734.470489023342,12253,0,0,0,16,3,4,80,1,3,3,2,2,2,1,0
38,0,1,1490,1,2,2,1,1,556,4,1,42,3,1,2,4,1,3104.3877123569814,12106,1,0,1,23,4,3,80,1,1,3,3,1,0,0,0
40,0,2,1398,2,2,4,1,1,558,3,0,79,3,5,3,3,1,53675.51671976954,13022,0,0,0,14,3,4,80,0,21,2,3,20,15,1,12
26,0,2,1349,1,23,3,1,1,560,1,0,90,3,1,6,4,0,59998.2668472269,3032,1,0,0,22,4,2,80,2,3,3,1,3,2,0,2
30,0,0,1400,1,3,3,1,1,562,3,1,53,3,1,2,4,1,69201.49462522492,16734,4,0,0,15,3,3,80,1,9,3,1,5,3,1,4
29,0,2,986,1,3,4,3,1,564,2,1,93,2,3,5,3,1,-13370.199184116911,21526,1,0,0,18,3,3,80,0,10,2,3,10,2,0,7
29,1,2,408,1,25,5,5,1,565,3,0,71,2,1,6,2,1,-3314.1463248343052,18300,5,0,0,16,3,2,80,0,6,2,4,2,2,1,1
19,1,2,489,0,2,2,5,1,566,1,1,52,2,1,1,4,2,15244.692195791224,18437,1,0,0,12,3,3,80,0,1,3,4,1,0,0,0
30,0,0,1398,2,22,4,4,1,567,3,0,69,3,3,7,1,1,8178.944140600452,2890,0,0,0,11,3,3,80,0,10,3,3,9,8,7,8
57,0,2,210,2,29,3,2,1,568,1,1,56,2,4,3,4,0,20777.57355358091,22102,3,0,0,12,3,3,80,1,32,3,2,1,0,0,0
50,0,2,1099,1,29,4,1,1,569,2,1,88,2,4,3,3,1,170028.98162105161,9314,0,0,0,15,3,2,80,1,28,2,3,27,10,15,7
30,0,0,1116,1,2,3,3,1,571,3,0,49,3,1,2,4,2,-28701.426595518547,7181,0,0,0,14,3,3,80,0,12,2,2,11,7,6,7
60,0,1,1499,2,28,3,2,1,573,3,0,80,2,3,7,1,1,38011.25574714236,2845,4,0,0,19,3,4,80,0,22,5,4,18,13,13,11
47,0,2,983,1,2,2,3,1,574,1,0,65,3,2,4,4,0,18995.9981428295,7389,5,0,0,13,3,3,80,3,20,2,3,5,0,0,4
46,0,2,1009,1,2,3,1,1,575,1,1,51,3,4,5,3,1,62463.08526768862,2288,6,0,0,13,3,3,80,0,26,2,1,3,2,0,1
35,0,2,144,1,22,3,1,1,577,4,1,46,1,1,2,3,2,23408.323713804217,19225,0,0,0,15,3,3,80,0,6,2,3,5,4,4,3
54,0,2,548,1,8,4,1,1,578,3,0,42,3,2,2,3,2,18035.033265972226,23428,7,0,0,11,3,3,80,0,19,3,3,1,0,0,0
34,0,2,1303,1,2,4,1,1,579,4,1,62,2,1,6,3,0,19053.104908350466,8416,3,0,0,12,3,3,80,1,14,3,3,7,3,5,7
46,0,2,1125,2,10,3,2,1,580,3,0,94,2,3,7,4,1,-61862.36015369241,11563,2,0,1,19,3,3,80,1,15,3,3,3,2,1,2
31,0,2,1274,1,9,1,1,1,581,3,1,33,3,3,4,2,0,18779.632796637405,14394,1,0,0,25,4,4,80,1,13,6,4,13,8,0,8
33,1,2,1277,1,15,1,3,1,582,2,1,56,3,3,3,3,1,26390.08967231399,24619,7,0,1,12,3,4,80,0,15,2,4,7,6,7,7
33,1,2,587,1,10,1,3,1,584,1,1,38,1,1,2,4,0,-115641.7800315005,6705,7,0,0,13,3,1,80,3,8,2,3,4,3,1,3
30,0,2,413,2,7,1,2,1,585,4,1,57,3,1,8,2,2,41305.271718791344,18398,0,0,0,14,3,1,80,0,4,3,3,3,2,1,2
35,0,2,1276,1,16,3,1,1,586,4,1,72,3,3,0,3,1,-26754.882862893137,14295,4,0,1,12,3,3,80,0,10,2,3,8,7,0,0
31,1,1,534,1,20,3,1,1,587,1,1,66,3,3,0,3,1,13796.72237295059,22908,3,0,0,12,3,1,80,0,12,2,3,1,0,0,0
34,1,1,988,0,23,3,0,1,590,2,0,43,3,3,1,1,0,4373.757759368705,11533,9,0,1,15,3,3,80,3,11,2,3,3,2,0,2
42,0,1,1474,1,5,2,4,1,591,2,1,97,3,1,2,3,1,19025.602392217294,9260,4,0,0,17,3,4,80,1,8,4,3,2,2,2,0
36,0,0,635,2,10,4,3,1,592,2,1,32,3,3,7,4,2,7298.350956100415,15318,1,0,0,14,3,4,80,0,10,3,2,10,3,9,7
22,1,1,1368,1,4,1,5,1,593,3,1,99,2,1,2,3,2,-46944.3617322646,9129,5,0,0,16,3,3,80,0,4,3,3,2,2,1,2
48,0,2,163,2,2,5,2,1,595,2,0,37,3,2,7,4,1,8634.816934632297,19658,2,0,0,14,3,1,80,1,14,2,3,9,7,6,7
55,0,2,1117,2,18,5,1,1,597,1,0,83,3,4,3,2,2,15769.165975694388,9873,3,0,0,23,4,4,80,0,37,2,3,10,9,7,7
41,0,0,267,2,10,2,1,1,599,4,1,56,3,2,7,4,2,-9871.046240775557,13430,7,0,0,14,3,4,80,0,16,3,3,14,3,1,10
35,0,2,619,2,1,3,2,1,600,2,1,85,3,2,7,3,1,-14520.401864679276,18659,9,0,0,11,3,3,80,0,15,2,3,11,9,6,9
40,0,2,302,1,6,3,1,1,601,2,0,75,3,4,4,3,2,2910.217756874059,20364,7,0,0,15,3,3,80,0,22,3,3,20,6,5,13
39,0,1,443,1,8,1,1,1,602,3,0,48,3,1,2,3,1,35525.232508678244,17872,1,0,0,11,3,1,80,1,8,3,3,8,3,0,7
31,0,2,828,2,2,1,1,1,604,2,1,77,3,2,7,4,2,19818.150659707484,8346,4,0,1,13,3,3,80,0,10,2,4,6,5,0,5
42,0,2,319,1,24,3,3,1,605,4,1,56,3,3,4,1,1,7565.742259339064,6950,1,0,1,21,4,4,80,1,10,5,2,10,9,5,8
45,0,2,561,2,2,3,4,1,606,4,1,61,3,2,7,2,1,34943.202421980386,16177,0,0,0,19,3,2,80,1,9,3,4,8,7,3,7
26,1,1,426,0,17,4,1,1,608,2,0,58,3,1,1,3,0,-15953.234408455293,22808,0,0,1,11,3,2,80,1,8,2,2,7,7,1,0
29,0,2,232,1,19,3,5,1,611,4,1,34,3,2,4,4,0,15998.887813109428,22645,4,0,0,12,3,2,80,2,8,2,4,3,2,1,2
33,0,2,922,1,1,5,3,1,612,1,0,95,4,4,5,3,0,15785.65686495521,22578,4,0,0,19,3,3,80,1,10,2,3,6,1,0,5
31,0,2,688,2,7,3,1,1,613,3,1,44,2,3,3,4,0,20168.109208113325,25291,9,0,0,21,4,3,80,1,10,3,2,5,4,0,1
18,1,1,1306,2,5,3,2,1,614,2,1,69,3,1,8,2,2,-27046.168030628283,8059,1,0,1,14,3,4,80,0,0,3,3,0,0,0,0
40,0,0,1094,2,28,3,4,1,615,3,1,58,1,3,7,1,0,57364.145901771306,11373,3,0,0,15,3,3,80,1,20,2,3,1,0,0,1
41,0,0,509,1,2,4,4,1,616,1,0,62,2,2,0,3,2,9392.868130747,2112,2,0,1,17,3,1,80,0,10,3,3,8,7,0,7
26,0,2,775,2,29,2,3,1,618,1,1,45,3,2,7,3,0,4796.6797970603975,4267,5,0,0,12,3,1,80,2,8,5,3,0,0,0,0
35,0,2,195,2,1,3,3,1,620,1,0,80,3,2,7,3,2,10140.44166126701,6698,1,0,0,16,3,4,80,0,5,3,3,5,4,0,3
34,0,2,258,2,21,4,1,1,621,4,1,74,4,2,7,4,2,23642.16171188985,19921,1,0,0,12,3,4,80,0,10,3,3,10,7,5,7
26,1,2,471,1,24,3,5,1,622,3,1,66,1,1,2,4,2,-73224.36809864886,23213,1,0,1,18,3,2,80,0,1,3,1,1,0,0,0
37,0,2,799,1,1,3,5,1,623,2,0,59,3,3,4,4,2,50793.3731886475,23848,4,0,0,17,3,4,80,0,12,3,4,6,5,1,2
46,0,1,1034,1,18,1,3,1,624,1,0,86,3,3,0,3,1,-10794.690936126186,8984,5,0,0,11,3,4,80,0,28,3,2,2,2,1,2
41,0,2,1276,2,2,5,1,1,625,2,0,91,3,4,3,1,1,24206.098634656362,5626,7,0,0,16,3,2,80,1,22,2,3,18,16,11,8
37,0,0,142,2,9,4,3,1,626,1,1,69,3,3,7,2,0,9396.755213808667,24666,1,0,0,13,3,4,80,1,9,6,3,9,5,7,7
52,0,2,956,1,6,2,5,1,630,4,1,78,3,2,6,1,0,9882.587429813575,22087,3,0,1,12,3,2,80,2,18,3,3,10,9,6,9
32,1,0,1474,2,11,4,4,1,631,4,1,60,4,2,7,3,1,26979.39862872595,23914,8,0,0,12,3,4,80,0,6,2,3,4,2,1,2
24,0,1,535,2,24,3,3,1,632,4,1,38,3,1,8,4,1,7876.8606916702565,5530,0,0,0,13,3,3,80,2,3,3,3,2,2,2,1
38,0,2,1495,1,10,3,3,1,634,3,0,76,3,2,0,3,1,-37903.4433219349,22174,3,0,0,19,3,3,80,1,18,4,3,1,0,0,0
37,0,2,446,1,1,4,1,1,635,2,0,65,3,2,4,2,1,14295.19051221666,15701,6,0,0,12,3,2,80,1,8,2,2,6,5,4,3
49,0,2,1245,1,18,4,1,1,638,4,1,58,2,5,5,3,0,29614.10071839236,2125,1,0,1,17,3,3,80,1,31,5,3,31,9,0,9
24,0,2,691,1,23,3,3,1,639,2,1,89,4,1,6,4,1,27827.822619228806,21630,1,0,1,11,3,2,80,2,6,3,3,6,5,1,4
26,0,2,703,2,28,2,2,1,641,1,1,66,3,2,7,2,1,77661.01997880936,7428,1,0,0,20,4,4,80,2,6,5,4,5,3,1,4
24,0,2,823,1,17,2,4,1,643,4,1,94,2,1,2,2,1,3706.0938368970646,9100,1,0,0,21,4,4,80,1,1,2,3,1,0,0,0
50,0,1,1246,0,3,3,3,1,644,1,1,99,3,5,3,2,1,3434.2389023390533,7999,1,0,0,11,3,3,80,1,32,2,3,32,5,10,7
25,0,2,622,2,13,1,3,1,645,2,1,40,3,1,8,3,1,-11178.201208400233,26376,1,0,0,11,3,3,80,0,7,1,3,7,4,0,6
24,1,1,1287,1,7,3,1,1,647,1,0,55,3,1,2,3,1,6789.587466324551,14168,1,0,1,16,3,4,80,1,6,4,3,6,3,1,2
30,1,1,448,2,12,4,1,1,648,2,1,74,2,1,8,1,1,-20763.516565036593,14470,1,0,0,18,3,3,80,1,1,2,4,1,0,0,0
34,0,2,254,1,1,2,1,1,649,2,1,83,2,1,6,4,1,-36856.428514812666,22794,1,0,1,13,3,4,80,1,6,3,3,6,5,1,3
31,1,2,1365,2,13,4,3,1,650,2,1,46,3,2,7,1,0,-22664.51219118154,11512,2,0,0,17,3,3,80,0,9,2,1,3,1,1,2
35,0,2,538,1,25,2,4,1,652,1,1,54,2,2,2,4,2,-35021.954726277676,14004,4,0,0,14,3,4,80,0,9,3,3,3,2,0,2
31,0,2,525,2,6,4,3,1,653,1,1,66,4,2,7,4,0,49116.526948782834,6219,4,0,0,22,4,4,80,2,13,4,4,7,7,5,7
27,0,2,798,1,6,4,3,1,655,1,0,66,2,1,6,3,0,-20234.42866887278,5013,0,0,0,12,3,3,80,2,6,5,2,5,3,0,3
37,0,2,558,2,2,3,2,1,656,4,1,75,3,2,7,3,1,-28109.318242374728,3010,4,0,1,11,3,3,80,1,17,3,2,3,0,1,0
20,0,2,959,1,1,3,1,1,657,4,0,83,2,1,6,2,2,-5148.093278284571,11757,1,0,0,13,3,4,80,0,1,0,4,1,0,0,0
42,0,2,622,1,2,4,1,1,659,3,0,81,3,2,0,4,1,-28618.70625777403,5718,1,0,0,13,3,2,80,2,10,4,3,10,2,2,2
43,0,2,782,1,6,4,4,1,661,2,1,50,2,4,5,4,0,49483.916907080915,2671,4,0,1,14,3,3,80,1,21,3,2,1,0,0,0
38,0,2,362,1,1,1,1,1,662,3,0,43,3,1,6,1,2,24068.491799148484,14561,3,0,0,17,3,4,80,0,8,3,2,0,0,0,0
43,0,1,1001,1,9,5,3,1,663,4,1,72,3,2,2,3,0,15326.150161269212,19627,3,0,1,13,3,2,80,1,10,3,3,8,7,4,7
48,0,2,1236,1,1,4,1,1,664,4,0,40,2,4,3,1,1,12768.084259269663,17997,7,0,0,11,3,1,80,1,21,3,1,3,2,0,2
44,0,2,1112,0,1,4,1,1,665,1,0,50,2,2,1,3,2,15020.382749353248,26894,4,0,0,11,3,2,80,0,10,1,4,2,2,0,2
34,0,2,204,2,14,3,5,1,666,3,0,31,3,1,8,3,0,2166.526281297713,2912,1,0,1,18,3,4,80,2,8,3,3,8,2,0,6
27,1,2,1420,2,2,1,2,1,667,3,1,85,3,1,8,1,0,6113.599297237684,16346,0,0,0,11,3,2,80,1,5,3,3,4,3,0,2
21,0,2,1343,2,22,1,5,1,669,3,1,49,3,1,8,3,2,11482.188401446458,24444,1,0,0,11,3,3,80,0,3,2,3,3,2,1,2
44,0,2,1315,1,3,4,4,1,671,4,1,35,3,5,3,4,1,26500.893715363218,9358,4,0,1,12,3,1,80,1,26,2,4,2,2,0,1
22,0,2,604,1,6,1,3,1,675,1,1,69,3,1,6,3,1,-4487.618691849015,12145,0,0,0,20,4,4,80,0,3,3,3,2,2,2,2
33,0,2,1216,2,8,4,2,1,677,3,1,39,3,2,7,3,0,16853.156675429727,20431,0,0,0,12,3,4,80,0,6,3,3,5,0,1,2
32,0,2,646,1,9,4,1,1,679,1,0,92,3,2,6,4,1,10636.594724474731,18089,1,0,1,12,3,4,80,1,6,2,2,6,4,0,5
30,0,1,160,1,3,3,3,1,680,3,0,71,3,1,6,3,0,-48418.32532009586,22653,1,0,0,20,4,3,80,1,1,2,3,1,0,0,0
53,0,2,238,2,1,1,3,1,682,4,0,34,3,2,7,1,2,28089.769971792008,7507,7,0,0,20,4,4,80,0,18,2,4,14,7,8,10
34,0,2,1397,1,1,5,1,1,683,2,1,42,3,1,6,4,1,22593.4712964915,7660,1,0,0,12,3,4,80,1,10,4,2,10,9,8,8
45,1,1,306,2,26,4,1,1,684,1,0,100,3,2,7,1,1,366.7424181675965,5630,2,0,0,14,3,4,80,2,5,4,3,1,1,0,0
26,0,2,991,1,6,3,1,1,686,3,0,71,3,1,2,4,1,14064.075558367254,17759,1,0,1,13,3,3,80,1,3,2,3,3,2,0,2
37,0,2,482,1,3,3,4,1,689,3,1,36,3,3,4,3,1,11934.32698581284,9606,1,0,0,15,3,3,80,1,10,2,3,10,7,7,8
29,0,2,1176,2,3,2,3,1,690,2,0,62,3,2,7,3,1,12210.464753161392,3487,1,0,0,14,3,1,80,1,6,5,2,6,0,1,2
35,0,2,1017,1,6,4,1,1,691,2,1,82,1,2,6,4,2,60010.16063387098,19368,1,0,0,13,3,2,80,0,17,3,3,17,11,11,8
33,0,1,1296,1,6,3,1,1,692,3,1,30,3,2,0,4,0,16212.287062121466,5335,3,0,0,23,4,3,80,1,15,2,1,13,11,4,7
54,0,2,397,0,19,4,3,1,698,3,1,88,3,3,1,2,1,-19994.934126524502,6729,2,0,0,15,3,3,80,1,16,1,4,9,7,7,1
36,0,2,913,1,9,2,3,1,699,2,1,48,2,2,4,2,0,13532.330778503798,13934,2,0,1,11,3,3,80,1,13,2,3,3,2,0,2
27,0,2,1115,1,3,4,3,1,700,1,1,54,2,1,6,4,2,9355.50248944178,15174,0,0,0,13,3,4,80,0,5,0,3,4,2,1,1
20,1,2,1362,1,10,1,3,1,701,4,1,32,3,1,6,3,2,22142.54466672279,26999,1,0,1,11,3,4,80,0,1,5,3,1,0,1,1
33,1,1,1076,1,3,3,1,1,702,1,1,70,3,1,6,1,2,41458.27307811944,3164,1,0,1,11,3,1,80,0,10,3,3,10,8,9,7
35,0,0,727,1,3,3,1,1,704,3,1,41,2,1,2,3,1,15152.535471046416,16900,1,0,0,18,3,3,80,2,1,3,3,1,0,0,0
23,0,2,885,1,4,3,3,1,705,1,1,58,4,1,6,1,1,-28965.952946366393,8544,2,0,0,16,3,1,80,1,5,3,4,3,2,0,2
25,0,2,810,2,8,3,1,1,707,4,1,57,4,2,7,2,1,89840.73808175455,15678,0,0,0,22,4,3,80,1,4,4,3,3,2,1,2
38,0,2,243,2,7,4,2,1,709,4,0,46,2,2,7,4,2,2142.535735415386,7791,0,0,0,20,4,1,80,0,8,2,3,7,7,0,5
29,0,1,806,1,1,4,1,1,710,2,1,76,1,1,6,4,0,-26023.70648858464,18959,1,0,0,18,3,4,80,1,10,5,3,10,7,2,8
48,0,2,817,2,2,1,2,1,712,2,1,56,4,2,7,2,1,20500.996325320662,18597,3,0,0,12,3,4,80,0,12,3,3,2,2,2,2
27,0,1,1410,2,3,1,3,1,714,4,0,71,4,2,7,4,0,-4014.200234438109,16673,1,0,1,20,4,2,80,2,6,3,3,6,5,0,4
37,0,2,1225,1,10,2,1,1,715,4,1,80,4,1,6,4,2,40902.82195144897,15232,3,0,0,17,3,1,80,0,4,2,3,1,0,0,0
50,0,2,1207,1,28,1,3,1,716,4,1,74,4,1,2,3,1,-13811.121316558245,3297,1,0,1,11,3,3,80,3,20,3,3,20,8,3,8
34,0,2,1442,1,9,3,3,1,717,4,0,46,2,3,0,2,2,-6982.542786512957,17654,1,0,0,14,3,2,80,0,9,3,4,8,7,7,7
24,1,2,693,2,3,2,1,1,720,1,0,65,3,2,7,3,2,8685.531612008068,24785,9,0,0,14,3,1,80,0,4,3,3,2,2,2,0
39,0,2,408,1,2,4,5,1,721,4,0,80,2,2,0,3,2,-20922.6352187762,20978,1,0,0,11,3,1,80,0,20,4,3,20,7,11,10
32,0,2,929,2,10,3,2,1,722,4,1,55,3,2,7,4,2,4057.1467723600963,21703,1,0,0,12,3,4,80,0,10,2,2,10,7,0,8
50,1,1,562,2,8,2,5,1,723,2,1,50,3,2,7,3,1,42698.641128183546,23452,3,0,1,14,3,1,80,1,18,4,3,4,3,1,3
38,0,2,827,1,1,4,1,1,724,2,0,33,4,2,0,4,2,-19759.75463731521,19383,0,0,0,13,3,3,80,0,10,4,2,9,7,1,8
27,0,2,608,1,1,2,1,1,725,3,0,68,3,3,4,1,1,6288.0104312876665,6009,1,0,0,11,3,4,80,0,9,3,3,9,7,0,7
32,0,2,1018,1,3,2,1,1,727,3,0,39,3,3,5,4,2,43372.10783774429,19373,3,0,0,15,3,4,80,0,10,6,3,7,7,7,7
47,0,2,703,2,14,4,2,1,728,4,1,42,3,2,7,1,2,5663.39457428132,11825,2,0,0,12,3,4,80,0,20,2,3,7,7,1,7
40,0,1,580,2,5,4,1,1,729,4,1,48,2,3,7,1,1,6577.901742294296,23772,5,0,1,21,4,3,80,1,20,2,3,18,13,1,12
53,0,2,970,1,7,3,1,1,730,3,1,59,4,4,5,3,1,10953.065655310424,13514,3,0,0,19,3,3,80,0,32,3,3,5,1,1,3
41,0,2,427,0,10,4,0,1,731,2,1,73,2,5,3,4,0,5841.090572599536,8861,3,0,0,15,3,2,80,3,23,2,2,21,6,12,6
60,0,2,1179,2,16,4,2,1,732,1,1,84,3,2,7,1,2,40393.36829027723,11924,8,0,0,14,3,4,80,0,10,1,3,2,2,2,2
27,0,1,294,1,10,2,1,1,733,4,1,32,3,3,4,1,0,38359.047303446176,4809,1,0,0,21,4,3,80,2,9,4,2,9,7,1,7
41,0,2,314,0,1,3,0,1,734,4,1,59,2,5,3,3,1,-10116.062741063342,19562,1,0,0,12,3,2,80,1,22,3,3,22,7,2,10
50,0,2,316,2,8,4,2,1,738,4,1,54,3,1,8,2,1,33407.7942419951,9983,7,0,0,15,3,4,80,1,4,2,3,2,2,2,2
28,1,2,654,1,1,2,1,1,741,1,0,67,1,1,6,2,2,30231.25274901168,3872,7,0,1,13,3,4,80,0,10,4,3,7,7,3,7
36,0,0,427,1,8,3,1,1,742,1,0,63,4,3,5,1,1,60873.29115407748,20335,9,0,0,14,3,1,80,1,10,2,3,8,7,0,5
38,0,2,168,1,1,3,1,1,743,3,0,81,3,3,4,3,2,41351.658372197606,15397,4,0,1,14,3,4,80,0,10,4,4,1,0,0,0
44,0,0,381,1,24,3,3,1,744,1,1,49,1,1,2,3,2,44552.136565747365,2104,2,0,0,14,3,3,80,0,9,5,3,5,2,1,4
47,0,1,217,2,3,3,3,1,746,4,0,49,3,4,7,3,0,8403.452830264097,10225,9,0,1,12,3,4,80,2,28,2,2,22,2,11,13
30,0,2,501,2,27,5,2,1,747,3,1,99,3,2,7,4,0,20755.45606676795,25275,7,0,0,23,4,4,80,1,10,2,2,8,7,7,7
29,0,2,1396,2,10,3,1,1,749,3,1,99,3,1,8,3,2,10203.853897210216,2755,1,0,0,11,3,3,80,0,1,6,3,1,0,0,0
42,1,1,933,1,19,3,3,1,752,3,1,57,4,1,6,3,0,10364.096154893356,20366,6,0,1,12,3,4,80,0,7,2,3,2,2,2,2
43,0,1,775,2,15,3,1,1,754,4,1,47,2,2,7,4,1,-38658.24785316073,23683,3,0,0,18,3,3,80,1,7,5,3,2,2,2,2
34,0,2,970,1,8,2,3,1,757,2,0,96,3,2,0,3,2,52415.123209739955,7360,3,0,0,11,3,4,80,0,10,2,3,5,1,4,3
23,0,2,650,1,9,1,3,1,758,2,1,37,3,1,2,1,1,5969.96895183665,4344,1,0,0,14,3,4,80,1,5,2,4,4,3,0,2
39,0,2,141,0,3,3,0,1,760,3,0,44,4,2,1,2,1,10287.03397512571,18767,9,0,0,15,3,3,80,1,12,3,1,8,3,3,6
56,0,2,832,1,9,3,3,1,762,3,1,81,3,4,0,4,1,17618.772247934452,20420,7,0,0,11,3,3,80,0,30,1,2,10,7,1,1
40,0,2,804,1,2,1,3,1,763,4,0,86,2,1,6,4,2,-334.2084589670676,22929,0,0,1,20,4,4,80,0,5,2,2,4,2,2,3
27,0,2,975,1,7,3,3,1,764,4,0,55,2,2,0,1,2,-11972.902045692295,23398,8,0,0,19,3,1,80,0,9,2,1,7,6,0,7
29,0,2,1090,2,10,3,2,1,766,4,1,83,3,1,8,2,0,26458.079879237735,17967,1,0,0,14,3,4,80,2,2,2,3,2,2,2,2
53,0,2,346,1,6,3,1,1,769,4,1,86,3,2,2,4,2,-8458.957452679186,10919,2,0,0,17,3,4,80,0,19,4,3,2,2,2,2
35,0,0,1225,1,2,4,1,1,771,4,0,61,3,2,0,1,0,18739.465618800474,4761,2,0,0,11,3,1,80,1,16,2,4,1,0,0,0
32,0,1,430,1,24,4,1,1,772,1,1,80,3,2,2,4,1,30736.43463465325,21146,1,0,0,15,3,4,80,2,10,2,3,10,8,4,7
38,0,2,268,1,2,5,3,1,773,4,1,92,3,1,6,3,1,16539.497413665566,20471,6,0,1,13,3,2,80,1,6,0,1,1,0,0,1
34,0,2,167,1,8,5,1,1,775,2,0,32,3,2,4,1,0,-5910.814080547678,4187,3,0,0,14,3,3,80,1,7,3,3,0,0,0,0
52,0,2,621,2,3,4,2,1,776,3,1,31,2,4,3,1,1,27296.332488872635,10084,1,0,0,11,3,1,80,0,34,3,4,34,6,1,16
33,1,2,527,1,1,4,4,1,780,4,1,63,3,1,6,4,2,13405.69836341472,5207,1,0,1,13,3,3,80,0,10,2,2,10,9,7,8
25,0,2,883,2,26,1,3,1,781,3,0,32,3,2,7,4,2,5283.348427556943,22807,1,0,0,23,4,2,80,0,6,5,2,6,5,1,4
45,0,2,954,2,2,2,5,1,783,2,1,46,1,2,8,3,2,22014.073776548183,12388,0,0,0,13,3,1,80,0,9,3,3,8,7,3,1
23,0,2,310,1,10,1,3,1,784,1,1,79,4,1,6,3,2,-18290.8500997747,19630,1,0,0,18,3,4,80,0,2,3,3,2,2,0,2
47,1,1,719,2,27,2,1,1,785,2,0,77,4,2,7,3,2,-1360.3792739175542,10339,4,0,1,12,3,4,80,0,8,2,3,5,4,1,3
34,0,2,304,2,2,3,4,1,786,4,1,60,3,2,7,4,2,12052.636306042885,18686,1,0,0,22,4,3,80,0,6,5,3,6,5,1,4
55,1,2,725,1,2,3,3,1,787,4,1,78,3,5,3,1,1,-2310.2597240421637,21199,5,0,1,13,3,4,80,1,24,2,3,5,2,1,4
36,0,0,1434,2,8,4,1,1,789,1,1,76,2,3,7,1,2,119.85411019364983,14229,1,0,0,15,3,2,80,0,10,1,3,10,7,0,9
52,0,0,715,1,19,4,3,1,791,4,1,41,3,1,6,4,1,11074.205181742354,26589,0,0,0,18,3,1,80,1,5,3,3,4,3,1,2
26,0,1,575,1,1,2,1,1,792,1,0,71,1,1,2,4,0,11740.536065761573,5288,3,0,0,14,3,1,80,1,5,2,3,2,2,2,0
29,0,2,657,1,27,3,3,1,793,2,0,66,3,2,0,3,1,7146.387885135557,25549,4,0,0,12,3,1,80,1,11,3,2,8,7,1,1
26,1,2,1146,2,8,3,5,1,796,4,1,38,2,2,7,1,2,14132.59168640715,3064,6,0,0,17,3,3,80,0,6,2,2,4,3,1,2
34,0,2,182,1,1,4,1,1,797,2,0,72,4,1,6,4,2,-12869.764631320935,13551,2,0,0,16,3,3,80,0,10,2,3,4,2,1,3
54,0,2,376,1,19,4,3,1,799,4,0,95,3,2,4,1,0,-8455.625836861467,22670,9,0,1,11,3,2,80,2,9,4,3,5,3,1,4
27,0,1,829,2,8,1,2,1,800,3,1,84,3,2,7,4,1,-24903.779489449527,24008,0,0,0,19,3,2,80,1,5,3,3,4,2,1,1
37,0,2,571,1,10,1,1,1,802,4,0,82,3,1,6,1,0,-23804.926470755443,19905,0,0,1,13,3,2,80,2,6,3,2,5,3,4,3
38,0,1,240,1,2,4,1,1,803,1,0,75,4,2,4,1,2,-16229.434590327452,26085,6,0,1,12,3,4,80,0,17,2,3,15,7,4,12
34,0,2,121,1,2,4,3,1,804,3,0,86,2,1,6,1,2,-44915.27965257775,7530,1,0,0,11,3,3,80,0,6,3,3,6,5,1,3
35,0,2,384,2,8,4,1,1,805,1,0,72,3,1,8,4,1,-57779.56589244096,20317,1,0,0,16,3,2,80,1,3,1,2,3,2,0,2
30,0,2,921,1,1,3,1,1,806,4,1,38,1,1,2,3,1,634.8652397322203,24375,3,0,0,21,4,3,80,2,7,2,3,2,2,0,2
40,0,1,791,1,2,2,3,1,807,3,0,38,4,2,0,2,1,7776.171251235268,9931,1,0,0,24,4,4,80,1,8,2,3,8,7,3,7
34,0,2,1111,2,8,2,1,1,808,3,0,93,3,2,7,1,1,3865.6908624277044,13305,5,0,0,17,3,2,80,1,6,1,3,3,2,1,2
42,0,1,570,1,8,3,1,1,809,2,1,66,3,5,3,4,0,21313.334852357395,16225,1,0,0,13,3,2,80,1,24,4,2,24,7,14,9
23,1,2,1243,1,6,3,1,1,811,3,1,63,4,1,2,1,1,-430.74349740405455,3445,1,0,1,21,4,3,80,2,1,2,3,0,0,0,0
24,0,0,1092,1,9,3,1,1,812,3,1,60,2,1,2,2,0,38730.95726723466,26551,1,0,0,11,3,3,80,3,1,4,3,1,0,0,0
52,0,2,1325,1,11,4,1,1,813,4,0,82,3,2,2,3,1,-67973.59392001337,21821,8,0,0,20,4,2,80,1,9,3,3,5,2,1,4
50,0,2,691,1,2,3,3,1,815,3,1,64,3,4,5,3,1,32764.56542509151,6881,5,0,0,16,3,4,80,0,30,3,3,4,3,0,3
29,1,2,805,1,1,2,1,1,816,2,0,36,2,1,2,1,1,-30173.820164551416,6689,1,0,1,11,3,4,80,1,1,1,3,1,0,0,0
33,0,2,213,1,7,3,3,1,817,3,1,49,3,3,5,3,1,5801.800237045539,25995,0,0,0,11,3,4,80,0,14,3,4,13,9,3,7
33,1,2,118,2,16,3,2,1,819,1,0,69,3,2,7,1,2,-38560.46914941245,26507,5,0,0,15,3,3,80,0,6,3,3,3,2,0,2
47,0,2,202,1,2,2,4,1,820,3,0,33,3,4,3,4,1,10068.469157431871,12982,1,0,1,11,3,3,80,1,26,3,2,26,14,3,0
36,0,2,676,1,1,3,4,1,823,3,0,35,3,2,4,2,1,2069.2565637495295,23361,0,0,0,15,3,1,80,1,10,2,3,9,7,0,5
29,0,2,1252,1,23,2,1,1,824,3,1,81,4,1,6,3,1,31577.59712451623,23779,1,0,0,24,4,3,80,1,10,3,3,10,7,0,7
58,1,2,286,1,2,4,1,1,825,4,1,31,3,5,5,2,2,9960.33092232515,25761,7,0,1,12,3,4,80,0,40,2,3,31,15,13,8
35,0,2,1258,1,1,4,1,1,826,4,0,40,4,1,6,3,2,31688.849155734108,13301,3,0,0,13,3,3,80,0,7,0,3,2,2,2,2
42,0,2,932,1,1,2,1,1,827,4,0,43,2,2,4,4,1,11163.209439081184,4051,9,0,1,13,3,4,80,1,8,4,3,4,3,0,2
28,1,2,890,1,2,4,3,1,828,3,1,46,3,1,6,3,2,-28372.798188155284,16374,6,0,0,17,3,4,80,0,5,3,2,2,2,2,1
36,0,2,1041,0,13,3,0,1,829,3,1,36,3,1,1,2,1,-12981.424669164118,25527,4,0,0,13,3,2,80,1,8,2,3,5,2,0,4
32,0,2,859,1,4,3,1,1,830,3,0,98,2,2,4,3,1,-2573.017865356178,19124,1,0,0,12,3,3,80,1,14,3,3,14,13,6,8
40,0,1,720,1,16,4,3,1,832,1,1,51,2,2,2,3,2,-49616.0348682687,11983,6,0,0,14,3,4,80,0,10,6,3,1,0,0,0
30,0,2,946,1,2,3,3,1,833,3,0,52,2,2,4,4,2,-80056.74748583804,20234,5,0,1,24,4,2,80,0,12,4,2,0,0,0,0
45,0,2,252,1,2,3,1,1,834,2,0,95,2,1,6,3,2,50901.579106329285,6153,1,0,0,14,3,4,80,0,1,3,3,1,0,0,0
42,0,2,933,1,29,3,1,1,836,2,1,98,3,2,4,2,1,-5763.74804310609,11806,1,0,0,13,3,4,80,1,10,3,2,9,8,7,8
38,0,1,471,1,12,3,1,1,837,1,1,45,2,2,0,1,0,2133.4859400146906,4284,2,0,0,15,3,3,80,1,13,3,2,4,3,1,2
34,0,1,702,1,16,4,1,1,838,3,0,100,2,1,6,4,2,-10402.078762527859,8306,1,0,0,16,3,3,80,0,6,3,3,5,2,1,3
49,1,2,1184,2,11,3,2,1,840,3,0,43,3,3,7,4,1,25590.674346205764,5860,1,0,0,18,3,1,80,2,9,3,4,9,8,7,7
55,1,2,436,2,2,1,3,1,842,3,1,37,3,2,7,4,2,4598.175419264867,21519,4,0,0,16,3,3,80,0,12,3,2,9,7,7,3
43,0,2,589,1,14,2,1,1,843,2,1,94,3,4,5,1,1,30638.65056733328,5200,6,0,0,24,4,3,80,1,22,3,3,4,1,1,0
27,0,2,269,1,5,1,5,1,844,3,1,42,2,3,5,4,0,5551.058059983521,8842,1,0,1,16,3,2,80,1,9,3,3,9,8,0,8
35,0,2,950,1,7,3,4,1,845,3,1,59,3,3,4,3,2,6394.275908501877,18869,3,0,0,21,4,2,80,0,17,3,4,8,5,1,6
28,0,2,760,2,2,4,2,1,846,2,0,81,3,2,7,2,1,23364.640154611603,3698,1,0,1,20,4,1,80,0,8,2,3,8,7,7,5
34,0,2,829,0,3,2,0,1,847,3,1,88,3,1,1,4,1,-825.7161456327021,2243,0,0,0,19,3,3,80,1,4,1,1,3,2,0,2
26,1,1,887,1,5,2,3,1,848,3,0,88,2,1,6,3,1,-11133.51612195613,20898,1,0,1,14,3,1,80,1,8,2,3,8,7,1,7
27,0,0,443,1,3,3,3,1,850,4,1,50,3,1,6,4,1,-8187.126994650567,16571,1,0,0,11,3,3,80,3,0,6,2,0,0,0,0
51,0,2,1318,2,26,4,2,1,851,1,0,66,3,4,3,3,1,-34686.65797217923,5594,2,0,0,14,3,3,80,1,29,2,2,20,6,4,17
44,0,2,625,1,4,3,3,1,852,4,1,50,3,2,0,2,2,17182.44836454968,5197,9,0,0,12,3,4,80,0,10,2,2,5,2,2,3
25,0,2,180,1,2,1,3,1,854,1,1,65,4,1,6,1,2,-8778.057932411448,21632,7,0,0,13,3,3,80,0,6,3,2,4,3,0,1
33,0,2,586,2,1,3,3,1,855,1,1,48,4,2,7,1,0,25808.61523046927,21816,1,0,0,22,4,1,80,1,9,5,3,9,8,0,8
35,0,2,1343,1,27,1,3,1,856,3,0,53,2,1,6,1,2,-2277.516715133086,17852,1,0,0,11,3,4,80,0,6,3,2,6,5,1,1
36,0,2,928,2,1,2,1,1,857,2,1,56,3,2,7,4,1,-361.2321680239147,2823,1,0,1,14,3,4,80,1,18,1,2,18,14,4,11
32,0,2,117,2,13,4,1,1,859,2,1,73,3,2,7,4,0,47566.030022241604,9250,2,0,0,11,3,3,80,1,8,3,2,5,2,0,3
30,0,1,1012,1,5,4,1,1,861,2,1,75,2,1,6,4,0,33462.866642579706,2373,9,0,0,12,3,2,80,1,10,3,2,5,4,0,3
53,0,2,661,2,7,2,2,1,862,1,0,78,2,3,7,4,1,19798.748099054945,20715,7,0,1,18,3,4,80,1,35,3,3,5,2,0,4
45,0,2,930,2,9,3,2,1,864,4,1,74,3,3,7,1,0,16622.275184862003,19239,4,0,1,12,3,3,80,1,18,2,3,5,4,0,2
32,0,2,638,1,8,2,3,1,865,3,0,91,4,2,6,3,1,52143.32720794598,22162,5,0,0,12,3,3,80,1,9,3,2,5,3,1,3
52,0,1,890,1,25,4,3,1,867,3,0,81,2,4,4,4,1,1972.3955303534476,19028,3,0,0,22,4,3,80,0,31,3,3,9,8,0,0
37,0,2,342,2,16,4,2,1,868,4,1,66,2,2,7,3,0,10191.439235542144,24558,4,0,0,19,3,4,80,2,9,2,3,1,0,0,0
28,0,2,1169,0,8,2,3,1,869,2,1,63,2,1,1,4,0,7941.550315937575,23965,1,0,0,13,3,4,80,1,6,6,3,5,1,0,4
22,0,2,1230,1,1,2,1,1,872,4,1,33,2,2,4,4,1,-8683.941930568131,19146,6,0,0,22,4,1,80,2,4,2,1,2,2,2,2
44,0,2,986,1,8,4,1,1,874,1,1,62,4,1,2,4,1,-5594.139850145346,5044,2,0,1,24,4,3,80,1,10,2,2,3,2,0,2
42,0,1,1271,1,2,1,3,1,875,2,1,35,3,1,6,4,2,18722.582764633553,9068,5,0,1,14,3,4,80,0,8,2,3,2,1,2,2
36,0,2,1278,0,8,3,1,1,878,1,1,77,2,1,1,1,1,-6075.95641303782,8635,0,0,0,21,4,3,80,0,6,3,3,5,4,0,3
25,0,2,141,2,3,1,4,1,879,3,1,98,3,2,7,1,1,-1569.5449163973362,14363,1,0,1,18,3,4,80,0,5,3,3,5,3,0,3
35,0,2,607,1,9,3,1,1,880,4,0,66,2,3,4,3,1,18362.73122059295,23457,1,0,1,20,4,2,80,1,17,2,3,17,14,5,15
35,1,1,130,1,25,4,1,1,881,4,0,96,3,1,6,2,0,-14648.60222683084,16612,1,0,1,19,3,1,80,1,10,3,2,10,2,7,8
32,0,0,300,1,1,3,1,1,882,4,1,61,3,1,2,4,0,-2483.694195542679,9148,0,0,0,12,3,2,80,1,4,2,3,3,0,0,2
25,0,2,583,2,4,1,2,1,885,3,1,87,2,2,7,1,1,46351.25703785269,18154,1,0,0,12,3,1,80,0,5,1,4,5,2,0,3
49,0,2,1418,1,1,3,5,1,887,3,0,36,3,1,6,1,1,-30513.385863475785,10554,2,0,0,16,3,2,80,1,7,2,3,4,2,0,2
24,0,0,1269,1,4,1,1,1,888,1,1,46,2,1,2,4,1,12018.77671998752,10778,0,0,0,17,3,4,80,0,6,2,2,5,2,3,4
32,0,1,379,2,5,2,1,1,889,2,1,48,3,2,7,2,1,-53530.445344676846,8891,1,0,0,14,3,4,80,1,10,3,3,10,8,5,3
38,0,2,395,2,9,3,2,1,893,2,1,98,2,1,8,2,1,958.5944161024679,12102,0,0,0,19,3,4,80,1,3,3,3,2,2,1,2
42,0,2,1265,1,3,3,1,1,894,3,0,95,4,2,2,4,1,19637.903001873223,23726,2,0,1,13,3,2,80,1,17,1,2,5,3,1,3
31,0,2,1222,1,11,4,1,1,895,4,1,48,3,1,6,4,1,3060.968314392238,14871,3,0,1,19,3,2,80,1,8,2,3,6,4,0,2
29,1,2,341,2,1,3,3,1,896,2,0,48,2,1,8,3,0,15400.404515925955,23522,6,0,1,19,3,3,80,3,5,3,3,3,2,0,2
53,0,2,868,2,8,3,2,1,897,1,1,73,3,4,7,4,1,-10288.448365827448,22789,5,0,0,14,3,3,80,1,28,3,3,2,0,2,2
35,0,2,672,1,25,3,5,1,899,4,1,78,2,3,4,2,1,-12546.224102235188,9129,3,0,0,16,3,1,80,0,16,2,3,13,10,4,8
37,0,1,1231,2,21,2,3,1,900,3,0,54,3,1,8,4,1,-17509.378020559903,21222,5,0,0,15,3,2,80,1,10,3,3,5,4,0,0
53,0,2,102,1,23,4,1,1,901,4,0,72,3,4,5,4,2,-45491.43326287214,20206,6,0,0,18,3,3,80,0,33,0,3,12,9,3,8
43,0,1,422,1,1,3,1,1,902,4,0,33,3,2,0,4,1,-13757.707419562183,21782,4,0,0,13,3,2,80,1,12,2,2,5,2,2,2
47,0,2,249,2,2,2,2,1,903,3,0,35,3,2,7,4,1,-18065.912564269103,17783,0,0,1,22,4,1,80,1,8,2,3,7,6,7,7
37,0,0,1252,2,19,2,3,1,904,1,1,32,3,3,7,2,2,40794.70257880704,4814,1,0,1,13,3,4,80,0,10,2,3,10,0,0,9
50,0,0,881,1,2,4,1,1,905,1,1,98,3,4,3,1,0,17240.714386121123,4544,1,0,0,11,3,4,80,1,31,3,3,31,6,14,7
39,0,2,1383,0,2,3,1,1,909,4,0,42,2,2,1,4,1,863.4353476339184,7790,8,0,0,11,3,3,80,2,13,2,3,5,4,0,4
33,0,2,1075,0,3,2,0,1,910,4,1,57,3,1,1,2,0,16909.852306614877,22650,3,0,1,11,3,3,80,1,7,4,4,4,3,0,3
32,1,2,374,1,25,4,1,1,911,1,1,87,3,1,2,4,2,4630.493129372991,18016,1,0,1,24,4,3,80,0,1,2,1,1,0,0,1
29,0,2,1086,1,7,1,3,1,912,1,0,62,2,1,2,4,0,33157.868112113836,6054,6,0,0,14,3,3,80,3,8,5,3,4,3,0,3
44,0,2,661,1,9,2,1,1,913,2,1,61,3,1,6,1,1,29066.78396887597,7508,1,0,1,13,3,4,80,0,8,0,3,8,7,7,1
28,0,2,821,2,5,4,3,1,916,1,1,98,3,2,7,4,2,9401.408720188541,24252,1,0,0,14,3,2,80,0,4,3,3,4,2,0,2
58,1,1,781,1,2,1,1,1,918,4,1,57,2,1,2,4,0,3038.4054098801635,13384,9,0,1,14,3,4,80,1,3,3,2,1,0,0,0
43,0,2,177,1,8,3,1,1,920,1,0,55,3,2,4,2,0,15104.907732275056,23814,4,0,0,21,4,3,80,1,4,2,4,1,0,0,0
20,1,2,500,2,2,3,3,1,922,3,0,49,2,1,8,3,2,-1996.104157037556,22052,1,0,0,13,3,4,80,0,2,3,2,2,2,0,2
21,1,2,1427,1,18,1,4,1,923,4,0,65,3,1,6,4,2,-36276.83616319514,8870,1,0,0,19,3,1,80,0,1,3,2,1,0,0,0
36,0,2,1425,1,14,1,1,1,924,3,1,68,3,2,0,4,1,20507.166533846765,4821,0,0,1,17,3,1,80,1,17,2,2,16,8,4,11
47,0,2,1454,2,2,4,1,1,925,4,0,65,2,1,8,4,2,13530.151219076102,13137,1,0,1,18,3,1,80,0,3,3,2,3,2,1,2
22,1,2,617,1,3,1,1,1,926,2,0,34,3,2,4,3,1,11932.611762811364,10022,0,0,1,19,3,1,80,1,4,3,4,3,2,0,2
41,1,2,1085,1,2,4,1,1,927,2,0,57,1,1,2,4,0,-40973.771643655986,17725,4,0,1,13,3,3,80,1,10,1,2,7,7,1,0
28,0,2,995,1,9,3,3,1,930,3,0,77,3,1,6,3,0,3.467861624869329,9834,5,0,0,18,3,2,80,1,6,2,3,2,2,2,2
39,1,2,1122,1,6,3,3,1,932,4,1,70,3,1,2,1,1,-18531.58285050768,4303,7,0,1,21,4,4,80,0,8,2,1,2,2,2,2
27,0,2,618,1,4,3,1,1,933,2,0,76,3,1,6,3,2,-11639.700515842718,17808,1,0,0,19,3,3,80,0,1,2,3,1,1,0,0
34,0,2,546,1,10,3,1,1,934,2,1,83,3,1,2,2,0,33329.41201595687,6896,1,0,0,14,3,2,80,2,1,3,3,1,0,1,0
42,0,2,462,2,14,2,3,1,936,3,0,68,2,2,7,3,2,-6270.465190744249,7824,7,0,0,17,3,1,80,0,10,6,3,5,4,0,3
33,0,2,1198,1,1,4,4,1,939,3,1,100,2,1,6,1,2,21370.17447054291,3339,3,0,1,11,3,2,80,0,6,1,3,3,2,0,2
58,0,2,1272,1,5,3,5,1,940,3,0,37,2,3,0,2,0,14495.325161085735,9255,2,0,1,13,3,4,80,1,24,3,3,6,0,0,4
31,0,2,154,2,7,4,1,1,941,2,1,41,2,1,8,3,1,29288.692261522043,11737,3,0,0,15,3,2,80,0,13,2,4,7,7,5,2
35,0,2,1137,1,21,1,1,1,942,4,0,51,3,2,0,4,1,19419.137539998075,19170,1,0,1,25,4,4,80,1,10,2,1,10,6,0,7
49,0,2,527,1,8,2,4,1,944,1,0,51,3,3,2,2,1,12364.251116100124,22477,4,0,0,11,3,3,80,1,29,3,2,26,9,1,7
48,0,2,1469,1,20,4,3,1,945,4,1,51,3,1,6,3,1,918.5762279609453,5543,4,0,0,17,3,1,80,2,13,2,2,0,0,0,0
31,0,0,1188,2,20,2,2,1,947,4,0,45,3,2,7,3,1,5084.106708821168,24406,1,0,0,13,3,4,80,1,9,2,2,9,8,0,0
36,0,2,188,1,7,4,4,1,949,2,1,65,3,1,6,4,2,27412.533524708466,23293,2,0,0,18,3,3,80,0,8,6,3,6,2,0,1
38,0,2,1333,1,1,3,5,1,950,4,0,80,3,3,5,1,1,18274.353102178495,16292,1,0,0,13,3,2,80,1,15,3,3,15,12,5,11
32,0,0,1184,1,1,3,1,1,951,3,0,70,2,1,2,2,1,-14345.48139372059,3974,6,0,0,20,4,3,80,0,5,3,3,3,0,0,2
25,1,2,867,2,19,2,2,1,952,3,1,36,2,1,8,2,1,-3439.655307102771,18798,1,0,1,18,3,3,80,3,1,2,3,1,0,0,0
40,0,2,658,2,10,4,2,1,954,1,1,67,2,3,7,2,0,-12895.200128960132,20652,2,0,0,12,3,2,80,1,11,2,2,1,0,0,0
26,0,1,1283,2,1,3,3,1,956,3,1,52,2,2,7,1,2,50417.69020057456,11148,1,0,0,12,3,2,80,0,7,2,3,7,7,0,7
41,0,2,263,1,6,3,3,1,957,4,1,59,3,1,2,1,2,3259.857012833655,3119,2,0,1,13,3,3,80,0,20,3,3,18,13,2,17
36,0,2,938,1,2,4,3,1,958,3,1,79,3,1,2,3,2,12155.236154496057,12287,4,0,0,21,4,3,80,0,16,6,3,11,8,3,9
19,1,2,419,2,21,3,4,1,959,4,1,37,2,1,8,2,2,-14651.102030124664,9947,1,0,1,13,3,2,80,0,1,3,4,1,0,0,0
20,1,2,129,1,4,3,5,1,960,1,1,84,3,1,2,1,2,-14562.201114995973,13008,1,0,0,19,3,2,80,0,1,2,3,1,0,0,0
31,0,2,616,1,12,3,3,1,961,4,0,41,3,2,0,4,1,33171.92421728042,17369,0,0,1,11,3,3,80,2,10,2,1,9,7,8,5
40,0,1,1469,1,9,4,3,1,964,4,1,35,3,1,6,2,0,44749.58824411193,25063,8,0,1,14,3,4,80,1,3,2,3,1,1,0,0
32,0,2,498,1,3,4,3,1,966,3,0,93,3,2,4,1,1,-940.2775919122842,13554,1,0,0,12,3,3,80,1,8,2,4,8,7,6,3
36,1,2,530,2,3,1,1,1,967,3,1,51,2,3,7,4,1,-53509.48290377066,5518,1,0,1,11,3,1,80,1,16,6,3,16,7,3,7
33,0,2,1069,1,1,3,1,1,969,2,0,42,2,2,0,4,2,31119.587056798162,12291,0,0,0,14,3,1,80,0,6,3,3,5,0,1,4
37,1,2,625,2,1,4,1,1,970,1,1,46,2,3,7,3,1,25406.913614695804,14922,5,0,0,11,3,3,80,0,17,2,1,14,1,11,7
45,0,0,805,1,4,2,1,1,972,3,1,57,3,2,2,2,1,-34251.98260697708,23163,1,0,0,12,3,2,80,0,9,5,2,9,7,0,8
29,0,1,1404,2,20,3,5,1,974,3,0,84,3,1,8,4,1,-10627.602753500327,18203,1,0,0,15,3,2,80,1,3,5,3,3,1,0,2
35,0,2,1219,2,18,3,3,1,975,3,0,86,3,2,7,3,1,1290.9386091303622,6179,1,0,0,16,3,2,80,0,5,3,3,5,2,1,0
52,0,2,1053,1,1,2,1,1,976,4,1,70,3,4,3,4,1,20084.890037567544,13829,2,0,0,15,3,2,80,1,26,2,2,9,8,7,8
58,1,2,289,1,2,3,5,1,977,4,1,51,3,1,6,3,2,-36598.53674940326,26227,4,0,0,24,4,1,80,0,7,4,3,1,0,0,0
53,0,2,1376,2,2,2,3,1,981,3,1,45,3,4,3,3,0,19381.4116036564,13938,6,0,0,13,3,3,80,1,22,3,4,17,13,15,2
30,0,2,231,2,8,2,4,1,982,3,1,62,3,3,7,3,0,35146.081887732624,9977,5,0,0,11,3,1,80,1,10,2,4,8,4,7,7
38,0,0,152,2,10,3,5,1,983,3,0,85,3,2,7,4,2,18897.767465997982,19899,1,0,1,13,3,2,80,0,6,1,3,5,3,1,3
35,0,2,882,2,3,4,1,1,984,4,1,92,3,3,7,4,0,-52049.29272413808,6812,6,0,0,13,3,2,80,1,12,2,3,10,9,0,8
39,0,2,903,2,2,5,1,1,985,1,1,41,4,3,7,3,2,-37614.41731692727,2560,0,0,0,18,3,4,80,0,9,3,3,8,7,0,7
40,1,0,1479,2,24,3,1,1,986,2,0,100,4,4,7,2,2,-36558.598391330175,17071,4,0,1,16,3,4,80,0,22,2,2,1,0,0,0
47,0,1,1379,1,16,4,3,1,987,3,1,64,4,2,4,3,0,-5590.909452203725,6759,1,0,1,19,3,3,80,0,20,3,4,19,10,2,7
36,0,0,1229,2,8,4,5,1,990,1,1,84,3,2,7,4,0,8357.200213127962,25952,4,0,0,13,3,4,80,2,12,3,3,7,7,0,7
31,1,0,335,1,9,2,3,1,991,3,1,46,2,1,6,1,2,-2648.231724255452,10322,0,0,1,22,4,1,80,0,4,0,3,3,2,1,2
33,0,0,722,2,17,3,1,1,992,4,1,38,3,4,3,3,2,14407.540978589202,20489,1,0,0,11,3,4,80,0,10,2,3,10,8,6,0
29,1,2,906,1,10,3,1,1,994,4,0,92,2,1,6,1,2,21930.06593321579,11479,6,0,1,20,4,3,80,0,3,5,3,0,0,0,0
33,0,2,461,1,13,1,1,1,995,2,0,53,3,1,6,4,2,40931.250901605425,17241,3,0,0,18,3,1,80,0,5,4,3,3,2,0,2
45,0,2,974,1,1,4,3,1,996,4,0,91,3,1,2,4,0,10884.721035188822,11005,3,0,0,14,3,4,80,2,8,2,3,5,3,0,2
50,0,2,1126,1,1,2,3,1,997,4,1,66,3,4,5,4,0,29526.483737903745,6615,9,0,0,22,4,3,80,1,32,1,2,5,4,1,3
33,0,1,827,1,1,4,4,1,998,3,0,84,4,2,0,2,1,75741.59185412439,20161,1,0,1,13,3,1,80,1,6,2,3,6,5,1,2
41,0,1,840,1,9,3,3,1,999,1,1,64,3,5,5,3,0,-24880.212598658385,3735,2,0,0,17,3,2,80,1,21,2,4,18,16,0,11
27,0,2,1134,1,16,4,5,1,1001,3,0,37,3,1,2,2,1,3403.6065599285057,12086,9,0,0,14,3,2,80,1,4,2,3,2,2,2,2
45,0,0,248,1,23,2,1,1,1002,4,1,42,3,2,2,1,1,-80353.20657816375,14039,1,0,1,15,3,3,80,1,9,2,3,9,8,0,8
47,0,2,955,2,4,2,1,1,1003,4,0,83,3,2,7,4,2,10777.148440334426,8571,1,0,1,17,3,3,80,0,9,0,3,9,0,0,7
30,1,2,138,1,22,3,1,1,1004,1,0,48,3,1,6,3,1,47802.88935657602,11539,4,0,1,11,3,2,80,0,7,2,3,5,2,0,1
50,0,2,939,1,24,3,1,1,1005,4,1,95,3,4,4,3,1,-18466.036285040544,4161,3,0,1,18,3,4,80,1,22,2,3,12,11,1,5
38,0,1,1391,1,10,1,3,1,1006,3,1,66,3,1,6,3,1,-13755.299001666597,12127,0,0,0,17,3,2,80,1,3,0,2,2,1,0,2
46,0,2,566,1,7,2,3,1,1007,4,1,75,3,3,4,3,0,10096.43914369761,24208,6,0,0,13,3,2,80,1,13,3,3,8,7,0,7
24,0,2,1206,1,17,1,3,1,1009,4,0,41,2,2,4,3,0,-14191.551146315946,24117,1,0,0,15,3,2,80,2,5,6,3,4,2,3,2
35,1,2,622,1,14,4,4,1,1010,3,1,39,2,1,2,2,0,-41118.79701659594,10074,1,0,1,24,4,4,80,1,5,2,1,4,2,0,2
31,0,1,853,1,1,1,1,1,1011,3,0,96,3,2,4,1,1,60939.81969046625,11275,1,0,0,12,3,3,80,1,4,1,3,4,3,0,3
18,0,0,287,1,5,2,1,1,1012,2,1,73,3,1,6,4,2,-6536.778014279652,13493,1,0,0,15,3,4,80,0,0,2,3,0,0,0,0
54,0,2,1441,1,17,3,5,1,1013,3,0,56,3,3,4,3,1,36439.39476171069,13943,8,0,0,11,3,3,80,1,22,2,3,10,7,0,8
35,0,2,583,1,25,4,3,1,1014,3,0,57,3,3,0,3,0,15177.73069325577,6975,1,0,1,11,3,3,80,1,16,3,2,16,10,10,1
30,0,2,153,1,8,2,1,1,1015,2,0,73,4,3,5,1,1,-84251.94819158663,17802,0,0,1,12,3,3,80,3,9,4,2,8,7,1,7
20,1,2,1097,1,11,3,3,1,1016,4,0,98,2,1,6,1,2,-23803.860664426953,18275,1,0,1,15,3,1,80,0,1,2,3,1,0,0,0
30,1,1,109,1,5,3,3,1,1017,2,0,60,3,1,2,2,2,36078.01789528299,25725,0,0,0,17,3,1,80,0,4,3,3,3,2,1,2
26,0,2,1066,1,2,2,3,1,1018,4,1,32,4,2,4,4,1,41238.929254478535,3334,1,0,0,12,3,2,80,0,8,2,3,8,7,1,3
22,0,2,217,1,8,1,1,1,1019,2,1,94,1,1,2,1,1,-5855.697480663417,6881,1,0,0,15,3,1,80,1,4,3,2,4,3,1,1
48,0,2,277,1,6,3,1,1,1022,1,1,97,2,2,0,3,2,-56766.784531241654,13119,2,0,0,13,3,4,80,0,19,0,3,2,2,2,2
48,0,2,1355,1,4,4,1,1,1024,3,1,78,2,3,0,3,2,4604.364578073499,22245,7,0,0,14,3,2,80,0,27,3,3,15,11,4,8
41,0,2,549,1,7,2,3,1,1025,4,0,42,3,2,4,3,2,-8501.27677435466,23371,6,0,0,14,3,2,80,0,8,6,3,2,2,2,1
39,0,2,466,1,1,1,1,1,1026,4,0,65,2,4,4,4,1,-1862.0314252223943,7060,1,0,0,16,3,3,80,1,21,3,3,21,6,11,8
27,0,2,1055,1,2,4,1,1,1027,1,0,47,3,2,4,4,1,-54658.84132249401,4658,0,0,0,18,3,2,80,1,4,2,3,3,2,2,2
35,0,2,802,1,10,3,4,1,1028,2,1,45,3,1,2,4,0,-26230.821122603786,9541,1,0,0,20,4,1,80,1,3,4,2,3,2,1,2
42,0,2,265,2,5,2,2,1,1029,4,1,90,3,5,3,3,1,-28279.46989419606,7770,6,0,0,13,3,2,80,0,21,3,4,1,0,0,0
50,0,2,804,1,9,3,1,1,1030,1,1,64,3,1,2,4,1,-12566.105344276817,20165,4,0,0,18,3,2,80,0,8,5,3,1,0,0,0
59,0,2,715,1,2,3,1,1,1032,3,0,69,2,4,4,4,2,8219.033765234202,21829,3,0,1,13,3,1,80,0,30,4,3,5,3,4,3
37,1,2,1141,1,11,2,3,1,1033,1,0,61,1,2,0,2,1,1681.1410457898037,14382,5,0,0,15,3,1,80,0,15,2,1,1,0,0,0
55,0,1,135,1,18,4,3,1,1034,3,1,62,3,2,0,2,1,54533.90200755839,12992,3,0,1,14,3,4,80,2,17,3,3,8,7,6,7
41,0,0,247,1,7,1,1,1,1035,2,0,55,1,5,5,3,0,20285.45945982851,20284,1,0,0,22,4,2,80,2,21,3,3,21,16,5,10
38,0,2,1035,2,3,4,1,1,1036,2,1,42,3,2,7,4,2,406.45977083511116,4981,8,0,1,12,3,3,80,0,19,1,3,1,0,0,0
26,1,0,265,2,29,2,3,1,1037,2,1,79,1,2,7,1,2,1997.0546921072723,21813,8,0,0,18,3,4,80,0,7,6,3,2,2,2,2
52,1,2,266,2,2,1,2,1,1038,1,0,57,1,5,3,4,1,3896.950899698246,25846,1,0,0,15,3,4,80,1,33,3,3,32,14,6,9
44,0,2,1448,2,28,3,3,1,1039,4,0,53,4,4,7,4,1,-64709.92218572025,11737,3,0,1,18,3,3,80,1,23,2,3,12,11,11,11
50,0,0,145,2,1,3,1,1,1040,4,0,95,3,2,7,3,1,-12474.747018918584,24920,0,0,0,12,3,1,80,1,19,3,3,18,7,0,13
36,1,2,885,1,16,4,1,1,1042,3,0,43,4,1,2,1,2,8321.537543483668,8269,1,0,0,16,3,3,80,0,18,1,3,17,13,15,14
39,0,1,945,1,22,3,3,1,1043,4,0,82,3,3,4,1,2,16888.014800919194,5083,1,0,1,13,3,3,80,0,21,2,3,21,6,2,8
33,0,0,1038,2,8,1,1,1,1044,2,0,88,2,1,8,4,2,-4516.811736460047,21437,0,0,0,19,3,4,80,0,3,2,2,2,2,2,2
45,0,2,1234,2,11,2,1,1,1045,4,0,90,3,4,3,4,1,38311.780877982965,5404,3,0,0,13,3,2,80,1,26,4,4,9,3,1,1
32,0,0,1109,1,29,4,3,1,1046,4,0,69,3,1,2,3,2,7233.187014563091,11135,9,0,0,12,3,2,80,0,10,2,3,8,7,7,7
34,0,2,216,2,1,4,2,1,1047,2,1,75,4,2,7,4,0,34808.9690984194,12278,0,0,0,11,3,4,80,1,16,2,2,15,1,0,9
59,0,2,1089,2,1,2,5,1,1048,2,1,66,3,3,3,4,1,105704.23233101946,11038,3,0,1,14,3,3,80,1,14,1,1,6,4,0,4
45,0,2,788,0,24,4,3,1,1049,2,1,36,3,1,1,2,2,-5072.0312636422495,8318,1,0,0,16,3,1,80,0,6,3,3,6,3,0,4
53,0,1,124,2,2,3,2,1,1050,3,0,38,2,3,7,2,1,6402.893860774126,23537,2,0,0,12,3,1,80,1,30,2,3,15,7,6,12
36,1,2,660,1,15,3,4,1,1052,1,1,81,3,2,2,3,0,-37465.04800135467,7858,7,0,0,14,3,2,80,1,9,3,2,1,0,0,0
26,1,1,342,1,2,3,1,1,1053,1,1,57,3,1,6,1,1,-22500.567784088358,15346,6,0,1,14,3,2,80,1,6,2,3,3,2,1,2
34,0,2,1333,2,10,4,1,1,1055,3,0,87,3,1,8,3,1,-28416.975695100402,18410,1,0,1,19,3,4,80,1,1,2,3,1,1,0,0
28,0,2,1144,2,10,1,3,1,1056,4,1,74,3,1,8,2,1,-40484.010881899056,23384,1,0,0,22,4,2,80,0,1,5,3,1,0,0,0
38,0,1,1186,1,3,4,4,1,1060,3,1,44,3,1,6,3,1,67443.35516955933,2997,3,0,0,16,3,1,80,1,8,2,3,2,2,2,2
50,0,2,1464,1,2,4,3,1,1061,2,1,62,3,5,5,3,1,85723.0718139935,12853,2,0,1,11,3,4,80,1,29,2,2,8,1,7,7
37,0,2,124,1,3,3,4,1,1062,4,0,35,3,2,0,2,2,-6000.91870109981,13848,3,0,0,15,3,1,80,0,8,3,2,4,3,0,1
40,0,2,300,2,26,3,2,1,1066,3,1,74,3,2,7,1,1,18757.354763212086,22217,1,0,0,14,3,2,80,1,8,3,2,7,7,7,5
26,0,1,921,1,1,1,3,1,1068,1,0,66,2,1,6,3,0,-15393.116617579803,25265,1,0,0,13,3,3,80,2,5,5,3,5,3,1,3
46,0,2,430,1,1,4,3,1,1069,4,1,40,3,5,5,4,0,34000.2522985113,21445,9,0,0,17,3,4,80,2,23,0,3,2,2,2,2
54,0,2,1082,2,2,4,1,1,1070,3,0,41,2,3,7,3,1,19167.084515938324,8392,6,0,0,11,3,2,80,1,13,4,3,9,4,7,0
56,0,1,1240,1,9,3,3,1,1071,1,0,63,3,1,6,3,1,-3743.489318006831,12154,2,0,0,19,3,2,80,1,18,4,3,5,4,0,3
36,0,2,796,1,12,5,3,1,1073,4,0,51,2,3,4,4,2,15451.824828009405,15669,0,0,0,11,3,2,80,0,15,2,2,14,8,7,8
55,0,0,444,1,2,1,3,1,1074,3,1,40,2,4,3,1,2,19641.771772104017,17323,7,0,0,15,3,2,80,0,31,3,4,9,7,6,2
43,0,2,415,2,25,3,3,1,1076,3,1,79,2,3,7,4,0,622.1177693686241,5268,5,0,0,13,3,3,80,1,18,5,3,1,0,0,0
20,1,1,769,2,9,3,2,1,1077,4,0,54,3,1,8,4,2,-68909.00817054731,17205,1,0,1,14,3,2,80,0,2,3,3,2,2,0,2
21,1,2,1334,1,10,3,1,1,1079,3,0,36,2,1,2,1,2,14987.883615943058,17258,1,0,0,13,3,1,80,0,1,6,2,1,0,1,0
46,0,2,1003,1,8,4,1,1,1080,4,0,74,2,2,6,1,0,-35260.2612101009,21029,8,0,1,23,4,1,80,3,19,2,3,16,13,1,7
51,1,2,1323,1,4,4,1,1,1081,1,1,34,3,1,6,3,1,71851.50452630497,10332,9,0,1,12,3,3,80,3,18,2,4,10,0,2,7
28,1,0,1366,1,24,2,5,1,1082,2,1,72,2,3,0,1,2,29091.20629290242,12355,1,0,0,12,3,1,80,0,10,2,2,10,7,1,9
26,0,2,192,1,1,2,3,1,1083,1,1,59,2,1,2,1,1,-1709.669662671049,11141,1,0,0,16,3,1,80,2,6,2,3,5,3,1,3
30,0,2,1176,1,20,3,4,1,1084,3,1,85,3,2,4,1,1,16223.98117788442,9096,0,0,0,15,3,3,80,1,7,1,2,6,2,0,2
41,0,2,509,1,7,2,5,1,1085,2,0,43,4,1,6,3,1,38202.65944141381,18863,1,0,0,13,3,3,80,0,10,3,3,10,6,0,8
38,0,2,330,1,17,1,1,1,1088,3,0,65,2,3,0,3,1,5168.50643963175,24608,0,0,0,18,3,1,80,1,20,4,2,19,9,1,9
40,0,2,1492,1,20,4,5,1,1092,1,1,61,3,3,0,4,1,75097.02052330179,26542,4,0,0,20,4,4,80,1,14,6,3,11,10,11,1
27,0,0,1277,1,8,5,1,1,1094,1,1,87,1,1,2,3,1,-19626.035805969426,5869,1,0,0,19,3,4,80,3,3,4,3,3,2,1,2
55,0,1,1091,1,2,1,1,1,1096,4,1,65,3,3,4,2,1,-6423.048701281878,15813,3,0,0,18,3,2,80,1,23,4,3,3,2,1,2
28,0,2,857,1,10,3,4,1,1097,3,0,59,3,2,6,3,2,31235.45126405273,7909,3,0,0,13,3,4,80,0,10,4,4,8,7,1,7
44,1,2,1376,0,1,2,3,1,1098,2,1,91,2,3,1,1,1,26872.729915136893,2326,9,0,0,14,3,4,80,1,24,1,3,20,6,3,6
33,0,2,654,1,5,3,1,1,1099,4,1,34,2,3,0,4,0,8065.4395394318135,21214,4,0,0,15,3,3,80,1,9,2,3,3,2,1,2
35,1,2,1204,2,4,3,5,1,1100,4,1,86,3,3,7,1,2,141533.62419440292,10333,0,0,1,22,4,1,80,0,9,2,3,8,7,4,7
33,1,1,827,1,29,4,3,1,1101,1,0,54,2,2,6,3,2,2927.061419662762,3129,1,0,0,22,4,2,80,0,14,4,3,13,7,3,8
28,0,2,895,1,15,2,1,1,1102,1,1,50,3,1,2,3,0,-6501.827235882025,22482,1,0,0,16,3,4,80,1,4,5,2,4,2,2,2
34,0,1,618,1,3,1,1,1,1103,1,1,45,3,2,0,4,2,11133.964586975631,22266,0,0,0,17,3,3,80,0,7,1,2,6,2,0,4
37,0,2,309,2,10,4,1,1,1105,4,0,88,2,2,7,4,0,1895.3248098991135,24223,2,0,1,14,3,3,80,3,8,5,3,1,0,0,0
25,1,2,1219,1,4,1,5,1,1106,4,1,32,3,1,2,4,1,-5823.989290648553,4605,1,0,1,15,3,2,80,1,7,3,4,7,7,5,6
26,1,2,1330,1,21,3,3,1,1107,1,1,37,3,1,2,3,0,13228.118510693139,19373,1,0,0,20,4,3,80,1,1,0,2,1,1,0,0
33,1,2,1017,1,25,3,3,1,1108,1,1,55,2,1,6,2,2,-3024.40220968209,2993,4,0,1,20,4,2,80,0,5,0,3,2,2,2,2
42,0,2,469,1,2,2,3,1,1109,4,1,35,3,4,3,1,1,9050.220310625142,14399,0,0,0,17,3,4,80,1,23,3,3,22,6,13,7
28,1,1,1009,1,1,3,3,1,1111,1,1,45,2,1,2,2,0,17890.45491016395,7160,1,0,0,15,3,1,80,2,1,2,3,1,0,0,0
50,1,1,959,2,1,4,4,1,1113,4,1,81,3,2,7,3,2,-4734.864327791078,17251,3,0,1,14,3,4,80,0,5,4,3,0,0,0,0
33,0,1,970,2,7,3,1,1,1114,4,0,30,3,2,7,2,1,14115.732964992454,13401,0,0,0,17,3,3,80,1,4,3,3,3,2,0,2
34,0,0,697,1,3,4,1,1,1115,3,1,40,2,1,6,4,1,13279.65691199914,22478,3,0,0,17,3,4,80,3,6,2,3,0,0,0,0
48,0,0,1262,1,1,4,3,1,1116,1,1,35,4,4,3,4,2,16738.561703395993,16154,2,0,0,22,4,3,80,0,27,3,2,5,4,2,1
45,0,0,1050,2,9,4,1,1,1117,2,0,65,2,2,7,3,1,-4675.125332674257,17970,1,0,0,13,3,4,80,1,15,2,3,15,10,4,12
52,0,2,994,1,7,4,1,1,1118,2,1,87,3,3,0,2,2,62949.978373339705,15322,7,0,0,19,3,4,80,0,18,4,3,8,6,4,0
38,0,2,770,2,10,4,2,1,1119,3,1,73,2,3,7,3,0,-955.6494503368667,5569,0,0,1,14,3,2,80,2,9,2,3,8,7,2,7
29,0,2,1107,1,28,4,1,1,1120,3,0,93,3,1,6,4,0,1675.368491915492,26968,4,0,0,22,4,1,80,1,11,1,3,7,5,1,7
28,0,2,950,1,3,3,3,1,1121,4,0,93,3,3,4,2,0,29748.28655624655,8039,0,0,0,17,3,2,80,3,10,3,2,9,7,1,7
46,0,2,406,2,3,1,2,1,1124,1,1,52,3,4,3,3,1,44422.11003832149,15596,3,0,0,12,3,4,80,1,23,3,3,12,9,4,9
38,0,2,130,2,2,2,2,1,1125,4,1,32,3,3,7,2,2,-10728.06219855764,20619,7,0,0,16,3,3,80,0,10,2,3,1,0,0,0
43,0,1,1082,1,27,3,1,1,1126,3,0,83,3,3,4,1,1,13706.424950659843,11535,8,0,0,11,3,3,80,1,18,1,3,8,7,0,1
39,1,1,203,1,2,3,1,1,1127,1,1,84,3,4,0,4,0,38537.77783085333,13547,7,0,0,11,3,4,80,3,21,4,3,18,7,11,5
40,0,2,1308,1,14,3,3,1,1128,3,1,44,2,5,5,3,2,31137.57345061989,17544,1,0,0,14,3,1,80,0,21,2,4,20,7,4,9
21,0,2,984,1,1,1,5,1,1131,4,0,70,2,1,6,2,2,19460.262041894883,25326,1,0,1,11,3,3,80,0,2,6,4,2,2,2,2
39,0,0,439,1,9,3,1,1,1132,3,1,70,3,2,2,2,2,17459.972130861446,8770,9,0,0,15,3,3,80,0,9,2,2,5,4,0,3
36,0,0,217,1,18,4,1,1,1133,1,1,78,3,2,4,4,2,-9225.349658302584,23238,2,0,0,20,4,1,80,0,18,0,3,11,9,0,9
31,0,1,793,2,20,3,1,1,1135,3,1,67,4,1,8,4,1,-101895.46361007493,21981,0,0,0,12,3,1,80,1,3,4,3,2,2,2,2
28,0,2,1451,1,2,1,1,1,1136,1,1,67,2,1,6,2,1,-4560.784638400714,19911,0,0,0,17,3,1,80,0,6,2,1,5,3,0,4
35,0,1,1182,2,11,2,2,1,1137,4,1,54,3,2,7,4,0,-47085.64143007283,18500,1,0,0,11,3,4,80,1,5,3,3,5,2,0,2
49,0,2,174,2,8,4,5,1,1138,4,1,56,2,4,7,2,1,-6706.198057851761,11879,6,0,0,17,3,2,80,1,22,3,3,9,8,2,3
34,0,1,1003,1,2,2,1,1,1140,4,1,95,3,2,4,3,2,7985.066533286197,15834,2,0,0,11,3,4,80,0,5,3,2,3,2,0,2
29,0,1,490,1,10,3,1,1,1143,4,0,61,3,1,6,2,0,51917.28631329171,17940,0,0,0,14,3,4,80,2,8,2,2,7,5,1,1
42,0,2,188,1,29,3,3,1,1148,2,1,56,1,2,2,4,2,-4813.042728941749,9558,4,0,0,19,3,1,80,0,16,3,3,1,0,0,0
29,0,2,718,1,8,1,3,1,1150,2,1,79,2,2,4,4,1,-16111.368684869009,17689,1,0,1,15,3,3,80,1,10,2,2,10,7,1,2
38,0,2,433,0,1,3,0,1,1152,3,1,37,4,1,1,3,1,7356.08316487811,6004,1,0,0,13,3,4,80,1,7,2,4,7,6,5,0
28,0,1,773,1,6,3,1,1,1154,3,1,39,2,1,6,3,0,8898.053618607097,22088,1,0,1,14,3,4,80,1,3,2,3,3,1,0,2
18,1,0,247,1,8,1,3,1,1156,3,1,80,3,1,2,3,2,-4559.883216886921,13556,1,0,0,12,3,4,80,0,0,0,3,0,0,0,0
33,1,2,603,2,9,4,2,1,1157,1,0,77,3,2,7,1,2,7670.085150292487,18385,0,0,1,17,3,1,80,0,6,3,3,5,2,0,3
41,0,2,167,1,12,4,1,1,1158,2,1,46,3,1,2,4,1,32019.20259104184,9051,3,0,1,11,3,1,80,1,6,4,3,1,0,0,0
31,1,1,874,1,15,3,3,1,1160,3,1,72,3,1,2,3,1,17826.720533370797,6233,1,0,0,12,3,3,80,1,2,5,2,2,2,2,2
37,0,2,367,1,25,2,3,1,1161,3,0,52,2,2,0,4,0,18468.433474159312,17171,7,0,0,13,3,3,80,2,9,2,3,6,2,1,3
27,0,2,199,1,6,3,1,1,1162,4,1,55,2,1,6,3,1,10841.149101095143,7950,1,0,0,13,3,3,80,1,4,0,3,4,2,2,2
34,0,2,1400,2,9,1,1,1,1163,2,0,70,3,2,7,3,1,22558.427227364766,5829,1,0,0,20,4,1,80,0,6,3,2,6,5,1,3
35,0,2,528,0,8,4,5,1,1164,3,1,100,3,1,1,3,2,46002.43837265646,7108,1,0,0,17,3,2,80,0,6,2,1,5,4,1,4
29,1,2,408,2,23,1,1,1,1165,4,0,45,2,3,7,1,1,-44608.81258664608,11162,1,0,0,13,3,1,80,1,11,3,1,11,8,3,10
40,0,1,593,1,9,4,3,1,1166,2,0,88,3,3,5,3,2,-62215.17799087778,13782,9,0,0,17,3,3,80,0,20,3,2,18,7,2,13
42,1,1,481,2,12,3,1,1,1167,3,1,44,3,4,7,1,2,45989.928693692214,2447,0,0,1,12,3,2,80,0,22,2,2,21,9,13,14
42,0,2,647,2,4,4,2,1,1171,2,1,45,3,2,7,1,2,-19142.98424305326,2253,7,0,0,13,3,4,80,0,9,3,4,6,4,1,5
35,0,2,982,1,1,4,3,1,1172,4,1,58,2,1,2,3,1,19303.0690436661,16340,6,0,0,12,3,2,80,1,10,2,3,8,0,1,7
24,0,2,477,1,24,3,3,1,1173,4,1,49,3,1,2,2,2,26971.81836871883,6409,8,0,0,22,4,4,80,0,6,2,3,4,3,1,2
28,1,2,1485,1,12,1,1,1,1175,3,0,79,3,1,2,4,1,26711.599563394702,22955,1,0,1,11,3,4,80,0,1,4,2,1,1,0,0
26,0,2,1384,1,3,4,3,1,1177,1,1,82,4,1,2,4,1,41972.85968871138,13421,1,0,0,22,4,2,80,1,8,2,3,8,7,0,7
30,0,2,852,2,10,3,2,1,1179,3,1,72,2,2,7,3,1,-57827.39242919685,2706,1,0,0,18,3,1,80,1,10,3,3,10,3,1,4
40,0,1,902,1,26,2,3,1,1180,3,0,92,2,2,6,4,1,1757.6630400913473,21203,3,0,1,13,3,4,80,1,16,3,1,1,1,0,0
35,0,2,819,1,2,3,1,1,1182,3,1,44,2,3,4,2,0,22795.335377544296,19588,2,0,0,18,3,2,80,1,15,2,4,7,7,6,4
34,0,1,669,1,1,3,3,1,1184,4,1,97,2,2,0,1,2,7525.005623724795,25755,0,0,0,20,4,3,80,0,14,3,3,13,9,4,9
35,0,1,636,1,4,4,4,1,1185,4,1,47,2,1,2,4,1,-23356.037384572548,26537,1,0,0,13,3,2,80,1,2,2,4,2,2,2,2
43,1,2,1372,2,9,3,2,1,1188,1,0,85,1,2,7,3,2,-15139.922954264242,9489,8,0,0,13,3,2,80,0,7,2,2,4,3,1,3
32,0,0,862,2,2,1,1,1,1190,3,0,76,3,1,8,1,0,-38495.925867610014,14947,1,0,0,12,3,3,80,3,1,3,3,1,0,0,0
56,0,2,718,1,4,4,5,1,1191,4,0,92,3,5,3,1,0,12365.109872911682,18575,4,0,0,13,3,4,80,1,28,2,3,5,2,4,2
29,0,2,1401,1,6,1,3,1,1192,2,0,54,3,1,2,4,1,79126.76099765471,26342,1,0,0,13,3,1,80,1,10,5,3,10,8,0,8
19,0,2,645,1,9,2,1,1,1193,3,1,54,3,1,6,1,2,84370.41338579346,7172,1,0,0,25,4,3,80,0,1,4,3,1,1,0,0
45,0,2,1457,1,7,3,3,1,1195,1,0,83,3,1,6,3,1,7958.501777784921,20100,4,0,1,19,3,3,80,1,7,2,2,3,2,0,2
37,0,2,977,1,1,3,1,1,1196,4,0,56,2,2,4,4,1,20814.702407062006,9961,1,0,0,13,3,2,80,1,14,2,2,14,8,3,11
20,0,2,805,1,3,3,1,1,1198,1,1,87,2,1,2,3,2,-13863.308158370484,12828,1,0,0,12,3,1,80,0,2,2,2,2,2,1,2
44,1,2,1097,1,10,4,1,1,1200,3,1,96,3,1,6,3,2,12541.058962193709,10826,1,0,1,11,3,3,80,0,6,4,3,6,4,0,2
53,0,2,1223,1,7,2,3,1,1201,4,0,50,3,5,3,3,0,90781.36663352663,18640,3,0,0,18,3,2,80,1,26,6,3,7,7,4,7
29,0,2,942,1,15,1,1,1,1202,2,0,69,1,1,6,4,1,34138.524050100044,26933,0,0,1,18,3,1,80,1,6,2,2,5,4,1,3
22,1,1,1256,1,3,4,1,1,1203,3,1,48,2,1,6,4,1,-28864.073155386435,4223,0,0,1,11,3,2,80,1,1,5,3,0,0,0,0
46,0,2,1402,2,2,3,2,1,1204,3,0,69,3,4,3,1,1,12955.526376777589,24097,8,0,0,23,4,1,80,0,28,2,3,26,15,15,9
44,0,0,111,1,17,3,1,1,1206,4,1,74,1,1,6,3,2,2067.1592222449017,4279,2,0,0,13,3,4,80,0,6,3,3,0,0,0,0
33,0,2,147,0,2,3,0,1,1207,2,1,99,3,1,1,3,1,5997.184557214135,8429,1,0,0,13,3,4,80,1,5,2,3,5,4,1,4
41,1,0,906,1,5,2,1,1,1210,1,1,95,2,1,6,1,0,-22592.762367182928,20293,6,0,0,17,3,1,80,1,5,2,1,1,0,0,0
30,0,2,1329,2,29,4,1,1,1211,3,1,61,3,2,7,1,0,60671.28686880378,13192,8,0,0,19,3,3,80,3,8,3,3,4,3,0,3
40,0,1,1184,2,2,4,3,1,1212,2,1,62,3,2,7,2,1,-10551.804858117815,25440,5,0,0,12,3,4,80,3,5,2,3,0,0,0,0
50,0,1,1421,1,2,3,3,1,1215,4,0,30,3,4,3,1,1,51649.5839678312,9490,2,0,0,22,4,3,80,1,32,3,3,2,2,2,2
28,0,2,1179,1,19,4,3,1,1216,4,1,78,2,1,2,1,1,19444.358292630845,12449,1,0,0,12,3,3,80,3,6,2,3,6,5,3,3
46,0,2,1450,1,15,2,1,1,1217,4,1,52,3,5,5,2,1,37046.83671000296,10849,5,0,0,11,3,1,80,1,25,2,3,4,2,0,3
35,0,2,1361,2,17,4,1,1,1218,3,1,94,3,2,7,1,1,26834.15617217433,21026,3,0,1,15,3,4,80,3,15,2,3,7,7,1,7
24,1,2,984,1,17,2,1,1,1219,4,0,97,3,1,2,2,1,62031.38085673613,3372,1,0,0,13,3,1,80,1,1,3,1,1,0,0,0
33,0,1,1146,2,25,3,3,1,1220,2,0,82,3,2,7,3,1,-46073.190459457306,4905,1,0,0,12,3,1,80,1,10,3,2,10,7,0,1
36,0,2,917,1,6,4,1,1,1221,3,1,60,1,1,2,3,0,-56011.70384426913,6865,1,0,0,14,3,3,80,1,7,4,3,7,7,1,7
30,0,2,853,1,7,4,1,1,1224,3,1,49,3,2,2,3,0,-2194.865120210644,11309,1,0,0,13,3,1,80,3,10,4,2,10,7,8,9
44,0,2,200,1,29,4,4,1,1225,4,1,32,3,2,6,4,2,-70742.59919816875,7744,1,0,0,25,4,2,80,0,20,3,3,20,11,13,17
20,0,2,654,2,21,3,2,1,1226,3,1,43,4,1,8,4,2,-348.34195235750894,5050,1,0,0,17,3,4,80,0,2,2,3,2,1,2,2
46,0,2,150,1,2,4,5,1,1228,4,1,60,3,2,4,4,0,21231.137177798504,17433,2,0,0,11,3,3,80,1,12,3,2,6,3,1,4
42,0,0,179,0,2,5,3,1,1231,4,1,79,4,2,1,1,1,20343.458602492523,12858,7,0,0,16,3,1,80,1,10,3,4,4,3,0,3
60,0,2,696,2,7,4,2,1,1233,2,1,52,4,2,7,4,0,-4081.2638023331656,10893,0,0,1,18,3,2,80,1,12,3,3,11,7,1,9
32,0,1,116,1,13,3,4,1,1234,3,0,77,2,1,2,2,1,6724.4977156072155,7331,1,0,0,20,4,3,80,1,2,2,3,2,2,2,2
32,0,1,1316,1,2,2,1,1,1235,4,0,38,3,2,6,3,2,-14648.170671116884,2338,4,0,1,14,3,4,80,0,10,2,3,8,7,0,7
36,0,2,363,1,1,3,5,1,1237,3,0,77,1,3,4,1,0,-9814.01887779353,4235,2,0,1,21,4,3,80,1,17,2,3,7,7,7,7
33,0,2,117,1,9,3,3,1,1238,1,1,60,3,1,6,4,1,-14248.21735644728,6311,0,0,0,13,3,2,80,1,15,5,3,14,10,4,10
40,0,2,107,2,10,3,5,1,1239,2,0,84,2,2,7,2,0,3131.3212493092324,11591,7,0,0,12,3,2,80,1,7,2,4,5,1,1,3
25,0,2,1356,2,10,4,1,1,1240,3,1,57,3,2,7,4,2,15182.174685819828,20623,0,0,0,14,3,2,80,0,5,4,3,4,3,1,1
30,0,2,1465,1,1,3,3,1,1241,4,1,63,3,1,6,2,1,20071.973747966313,9369,0,0,1,21,4,1,80,1,12,2,3,11,9,5,7
42,0,1,458,1,26,5,3,1,1242,1,0,60,3,3,5,1,1,-6266.974466266536,23281,3,0,1,17,3,3,80,0,20,6,3,1,0,0,0
35,0,0,1212,2,8,2,2,1,1243,3,0,78,2,3,7,4,1,-23838.146062851258,13755,4,0,1,11,3,2,80,1,16,6,2,13,2,4,12
27,0,2,1103,1,14,3,1,1,1244,1,1,42,3,1,6,1,1,-6091.679148240151,14377,1,0,1,14,3,4,80,2,9,3,2,9,7,6,8
54,0,1,966,1,1,4,1,1,1245,4,0,53,3,3,4,3,0,16911.396470539417,9659,7,0,0,17,3,1,80,1,33,2,1,5,4,1,4
44,0,2,1117,1,2,1,1,1,1246,1,0,72,4,1,6,4,1,30973.110817579378,19982,1,0,0,13,3,4,80,1,10,5,3,10,5,7,7
19,1,0,504,1,10,3,3,1,1248,1,0,96,2,1,6,2,2,-14271.638194318308,6148,1,0,1,25,4,2,80,0,1,2,4,1,1,0,0
29,0,2,1010,1,1,3,1,1,1249,1,0,97,3,1,6,4,0,-47650.30903985161,5598,1,0,0,15,3,1,80,3,3,5,3,3,2,1,2
54,0,2,685,1,3,3,1,1,1250,4,1,85,3,4,5,4,1,8159.565444995071,23474,3,0,0,14,3,1,80,0,36,2,3,10,9,0,9
31,0,2,1332,1,11,2,3,1,1251,3,1,80,3,2,0,1,1,10425.297553840057,17089,1,0,1,12,3,4,80,0,6,2,2,6,5,0,1
31,0,2,1062,1,24,3,3,1,1252,3,0,96,2,2,0,1,2,28193.3569891784,17198,1,0,0,19,3,2,80,0,10,2,3,10,9,1,8
59,0,2,326,2,3,3,1,1,1254,3,0,48,2,2,7,4,2,8349.499318994225,16490,5,0,0,17,3,4,80,0,13,2,3,6,1,0,5
43,0,2,920,1,3,3,1,1,1255,3,1,96,1,5,5,4,1,17822.438808004055,18625,3,0,0,14,3,2,80,1,25,2,3,8,7,0,7
49,0,2,1098,1,4,2,3,1,1256,1,1,85,2,5,3,3,1,26750.04966587187,12124,2,0,0,13,3,3,80,1,23,2,4,1,0,0,0
36,0,1,469,1,3,3,5,1,1257,3,1,46,3,1,6,2,1,9826.985962519335,9256,1,0,0,12,3,3,80,0,12,2,2,11,10,0,7
48,0,2,969,1,2,2,5,1,1258,4,1,76,4,1,2,2,2,-3962.3807525462817,16620,5,0,0,11,3,3,80,0,7,4,2,1,0,0,0
27,0,2,1167,1,4,2,1,1,1259,1,1,76,3,1,6,3,0,48.527510626562616,3208,1,0,0,11,3,2,80,3,5,2,3,5,3,0,3
29,0,2,1329,1,7,3,1,1,1260,3,1,82,3,2,0,4,0,-25800.063022321934,4204,1,0,1,11,3,2,80,2,6,2,3,6,0,1,0
48,0,2,715,1,1,3,1,1,1263,4,1,76,2,5,5,4,2,16078.891105040833,8733,6,0,0,12,3,3,80,0,25,3,4,1,0,0,0
29,0,2,694,1,1,3,1,1,1264,4,0,87,2,4,5,4,0,-4430.310718951794,3423,3,0,0,14,3,2,80,2,9,2,2,7,7,1,7
34,0,2,1320,1,20,3,5,1,1265,3,0,89,4,1,6,3,1,24151.647285681283,21643,0,0,0,17,3,4,80,0,2,5,2,1,0,0,0
44,0,2,1099,2,5,3,2,1,1267,2,1,88,3,5,3,2,1,-20753.298441857798,8751,7,0,0,11,3,3,80,1,26,5,3,22,9,3,10
33,0,2,536,2,10,5,2,1,1268,4,1,82,4,3,7,3,0,19066.529726646746,21708,0,0,1,14,3,4,80,2,10,3,3,9,8,0,8
19,0,2,265,1,25,3,1,1,1269,2,0,57,4,1,6,4,2,-1068.6968627267388,21221,1,0,1,12,3,4,80,0,1,2,3,1,0,0,1
23,0,2,373,1,1,2,1,1,1270,4,1,47,3,1,6,3,1,-8361.61596157239,16901,1,0,0,22,4,4,80,1,1,2,3,1,0,0,1
25,1,1,599,2,24,1,1,1,1273,3,1,73,1,1,8,4,2,7130.904938109787,8040,1,0,1,14,3,4,80,0,1,4,3,1,0,1,0
26,0,2,583,1,4,2,1,1,1275,3,1,53,3,1,6,4,2,-80222.18453313908,9973,1,0,1,20,4,2,80,0,8,2,2,8,5,2,2
45,1,2,1449,2,2,3,2,1,1277,1,0,94,1,5,3,2,2,37189.41304450444,2493,2,0,1,16,3,1,80,0,26,2,3,24,10,1,11
55,0,0,177,1,8,1,3,1,1278,4,1,37,2,4,0,2,0,7809.389464052102,25592,1,0,1,15,3,4,80,1,34,3,3,33,9,15,0
21,1,1,251,1,10,2,1,1,1279,1,0,45,2,1,2,3,2,3050.2545987690205,25308,1,0,0,20,4,3,80,0,2,2,1,2,2,2,2
46,0,2,168,2,4,2,2,1,1280,4,0,33,2,5,3,2,1,50336.58279560589,9946,2,0,0,14,3,3,80,1,26,2,3,11,4,0,8
34,0,2,131,2,2,3,2,1,1281,3,0,86,3,2,7,1,2,7788.832996299509,6039,0,0,1,12,3,4,80,0,4,3,3,3,2,0,2
51,0,1,237,2,9,3,1,1,1282,4,1,83,3,5,3,2,0,58544.42085476593,19196,4,0,1,24,4,1,80,1,31,5,2,29,10,11,10
59,0,2,1429,1,18,4,3,1,1283,4,1,67,3,3,4,4,2,-3686.2497758038753,20002,6,0,0,12,3,4,80,0,25,6,2,9,7,5,4
34,0,1,135,1,19,3,3,1,1285,3,0,46,3,2,2,2,0,22632.850449694142,22534,4,0,0,13,3,3,80,2,15,2,4,11,8,5,10
28,0,1,791,1,1,4,3,1,1286,4,1,44,3,1,2,3,2,2452.886457879072,6842,0,0,1,11,3,3,80,0,5,2,2,4,2,0,2
44,0,2,1199,1,4,2,1,1,1288,3,1,92,4,5,3,1,0,21311.593008517724,17477,1,0,0,14,3,4,80,2,26,4,2,25,9,14,13
34,0,1,648,0,11,3,1,1,1289,3,1,56,2,2,1,2,1,97473.57710295598,21833,4,0,0,11,3,4,80,2,14,5,4,10,9,1,8
35,0,2,735,1,6,1,1,1,1291,3,1,66,3,1,6,3,1,-26703.106921748713,6020,0,0,1,14,3,4,80,0,4,3,3,3,2,2,2
42,0,2,603,1,7,4,3,1,1292,2,0,78,4,2,6,2,1,-1855.3150542489684,5628,6,0,1,16,3,4,80,0,18,2,3,1,0,0,0
43,0,2,531,2,4,4,2,1,1293,4,0,56,2,3,7,4,2,8482.378748100582,20364,3,0,0,14,3,4,80,0,23,3,4,21,7,15,17
36,0,2,429,1,2,4,1,1,1294,3,0,53,3,2,4,2,2,-112595.12649931405,2323,9,0,1,11,3,4,80,0,18,2,3,16,14,5,12
44,1,2,621,1,15,3,3,1,1295,1,0,73,3,3,0,4,1,48989.350081462624,14075,1,0,0,11,3,4,80,1,10,2,3,10,7,0,5
28,0,1,193,1,2,3,1,1,1296,4,1,52,2,1,2,4,1,-15623.23036510274,14222,1,0,1,12,3,2,80,1,2,2,3,2,2,2,2
51,0,1,968,1,6,2,3,1,1297,2,0,40,2,1,2,3,2,-13397.58534121238,4257,0,0,0,14,3,2,80,0,8,6,2,7,0,7,7
30,0,0,879,1,9,2,3,1,1298,3,0,72,3,2,4,3,2,-43964.36439887034,12858,7,0,1,18,3,3,80,0,10,3,3,8,4,1,7
29,1,2,806,1,7,3,5,1,1299,2,0,39,3,1,2,3,0,-7422.684778130479,17285,3,0,1,13,3,1,80,2,10,2,3,7,7,7,7
28,0,2,640,1,1,3,5,1,1301,4,1,84,3,1,6,1,2,19297.089069197067,4732,2,0,0,11,3,2,80,0,5,2,2,3,2,1,2
25,0,2,266,1,1,3,3,1,1303,4,0,40,3,1,6,2,2,17035.02415899706,18830,1,0,0,18,3,4,80,0,2,3,2,2,2,2,1
32,0,2,604,2,8,3,3,1,1304,3,1,56,4,2,7,4,1,52403.65283020829,11693,1,0,0,15,3,3,80,2,10,4,4,10,7,0,8
45,0,1,364,1,25,3,3,1,1306,2,0,83,3,5,3,2,2,31872.43565318863,13035,3,0,0,22,4,3,80,0,22,4,3,0,0,0,0
39,0,2,412,1,13,4,3,1,1307,3,0,94,2,4,3,2,0,35913.50062650676,17334,6,0,1,13,3,4,80,2,21,4,3,19,9,15,2
58,0,2,848,1,23,4,1,1,1308,1,1,88,3,1,6,3,0,-8446.330928078218,26076,1,0,0,12,3,4,80,2,2,3,3,2,2,2,2
32,1,2,1089,1,7,2,1,1,1309,4,1,79,3,2,2,3,1,-10984.418828494348,22845,1,0,0,18,3,1,80,1,10,3,3,10,4,1,1
39,1,2,360,1,23,3,3,1,1310,3,1,93,3,1,6,1,2,-7912.759451108172,22154,0,0,0,13,3,1,80,0,6,2,3,5,2,0,3
30,0,2,1138,1,6,3,5,1,1311,1,0,48,2,2,2,4,1,36673.2909374429,23631,0,0,0,12,3,1,80,1,10,6,3,9,2,6,7
36,0,2,325,1,10,4,5,1,1312,4,0,63,3,3,0,3,1,27370.964000061194,5747,3,0,0,12,3,1,80,0,10,0,3,7,7,1,7
46,0,2,991,0,1,2,1,1,1314,4,0,44,3,1,1,1,2,-35730.93452314253,22957,6,0,0,12,3,3,80,0,10,3,4,7,6,5,7
28,0,0,1476,1,1,3,1,1,1315,3,0,55,1,2,2,4,1,19830.970377943282,16392,0,0,0,11,3,1,80,3,10,6,3,9,8,7,5
50,0,2,1322,1,28,3,1,1,1317,4,0,43,3,4,5,1,1,-54545.03884068661,22422,4,0,1,11,3,2,80,0,25,2,3,3,2,1,2
40,1,2,299,2,25,4,2,1,1318,4,1,57,2,3,7,2,2,-9229.779989961142,17235,2,0,1,12,3,3,80,0,9,2,3,5,4,1,0
52,1,2,1030,2,5,3,1,1,1319,2,1,64,3,3,7,2,2,25267.483067585905,21534,9,0,1,19,3,3,80,0,10,2,2,8,7,7,7
30,0,2,634,1,17,4,3,1,1321,2,0,95,3,3,3,1,1,1429.0122514717877,25927,1,0,1,23,4,4,80,2,9,2,3,9,1,0,8
39,0,2,524,1,18,2,1,1,1322,1,1,32,3,2,4,3,2,6688.254074591061,13352,0,0,0,11,3,1,80,0,9,6,3,8,7,1,7
31,0,0,587,2,2,4,1,1,1324,4,0,57,3,3,7,3,0,-1739.0088721780576,8935,1,0,1,19,3,1,80,1,10,5,2,10,8,9,6
41,0,0,256,2,10,2,3,1,1329,3,1,40,1,2,7,2,2,67354.29617176199,22074,1,0,0,13,3,1,80,0,19,4,3,19,2,11,9
31,1,1,1060,2,1,3,1,1,1331,4,0,54,3,1,8,2,2,3861.7455120194086,8319,1,0,1,11,3,1,80,0,3,2,4,3,2,2,2
44,1,2,935,1,3,3,1,1,1333,1,1,89,3,1,2,1,1,8394.06100207585,14669,4,0,0,12,3,3,80,0,10,4,4,3,2,1,2
42,0,0,495,1,2,1,1,1,1334,3,1,37,3,4,3,3,1,36098.680078313744,26582,0,0,1,13,3,4,80,0,21,3,2,20,8,2,10
55,0,2,282,1,2,2,3,1,1336,4,0,58,1,5,3,3,1,1879.6200334843052,6992,4,0,0,14,3,4,80,1,23,5,3,19,9,9,11
56,0,2,206,0,8,4,1,1,1338,4,1,99,3,5,3,2,2,26940.58505066514,4022,6,0,0,14,3,1,80,0,36,4,3,7,3,7,7
40,0,0,458,1,16,2,1,1,1340,3,1,74,3,1,6,3,0,-17598.68776178038,8532,9,0,0,16,3,2,80,1,6,0,3,4,2,0,0
34,0,2,943,1,9,3,1,1,1344,4,1,86,3,3,0,4,0,47055.15507992892,5494,0,0,0,11,3,4,80,1,10,0,2,9,7,1,6
40,0,2,523,1,2,3,1,1,1346,3,1,98,3,2,6,4,2,5381.694011803281,22455,1,0,0,13,3,3,80,0,9,4,3,9,8,8,8
41,0,1,1018,2,1,3,2,1,1349,3,0,66,3,2,7,1,0,65917.63886426584,4297,0,0,0,17,3,4,80,1,10,2,3,9,3,1,7
35,0,1,482,1,4,4,1,1,1350,3,1,87,3,2,6,3,2,-15165.738606081239,2690,1,0,1,11,3,2,80,0,9,3,3,9,6,1,1
51,0,2,770,0,5,3,1,1,1352,3,1,84,3,4,3,2,0,48676.90861381269,17588,1,0,1,11,3,2,80,1,33,2,3,33,9,0,10
38,0,2,1009,2,2,2,1,1,1355,2,0,31,3,2,7,1,0,15920.086940123974,19461,3,0,0,15,3,4,80,1,11,3,3,7,7,1,7
34,0,2,507,2,15,2,3,1,1356,3,0,66,3,2,7,1,2,20043.623853533332,23553,1,0,0,12,3,4,80,0,10,6,4,10,8,9,6
25,0,2,882,1,19,1,3,1,1358,4,1,67,3,1,2,4,1,7697.674123204276,9075,3,0,0,11,3,3,80,3,7,6,2,3,2,1,2
58,1,2,601,1,7,4,3,1,1360,3,0,53,2,3,4,1,1,6217.181846162723,12023,7,0,1,14,3,4,80,0,31,0,2,10,9,5,9
40,0,2,329,1,1,4,1,1,1361,2,1,88,3,1,2,2,1,2848.8012858156576,6762,3,0,0,22,4,3,80,1,7,3,3,4,2,0,3
36,0,1,607,2,7,3,2,1,1362,1,0,83,4,2,7,1,1,-4057.3971836757664,2261,2,0,0,16,3,4,80,1,17,2,2,15,7,6,13
48,0,2,855,1,4,3,1,1,1363,4,1,54,3,3,4,4,2,-9446.807633413537,18706,1,0,0,11,3,3,80,0,11,2,3,10,9,0,8
27,0,2,1291,2,11,3,3,1,1364,3,0,98,4,1,8,4,1,2692.974743727891,6527,8,0,0,14,3,2,80,1,5,4,3,1,0,0,0
51,0,2,1405,1,11,2,5,1,1367,4,0,82,2,4,4,2,2,-2556.5005898355103,24439,3,0,0,16,3,2,80,0,29,1,2,5,2,0,3
18,0,0,1124,1,1,3,1,1,1368,4,0,97,3,1,2,4,2,-42223.06322781705,19305,1,0,0,15,3,3,80,0,0,5,4,0,0,0,0
35,0,2,817,1,1,3,3,1,1369,4,0,60,2,2,2,4,1,-35461.3558128977,10846,0,0,0,12,3,2,80,1,10,0,3,9,7,0,0
27,0,1,793,2,2,1,1,1,1371,4,1,43,1,2,7,4,2,-33455.67870368422,20392,3,0,0,20,4,2,80,0,8,3,3,6,2,0,0
55,1,2,267,2,13,4,2,1,1372,1,1,85,4,4,7,3,2,67654.74294250208,9277,6,0,1,17,3,3,80,0,24,2,2,19,7,3,8
56,0,2,1369,1,23,3,1,1,1373,4,1,68,3,4,4,2,1,10006.323281012461,18235,4,0,1,12,3,1,80,1,33,0,3,19,16,15,9
34,0,0,999,1,26,1,5,1,1374,1,0,92,2,1,6,3,0,1668.5259782347707,15891,1,0,0,20,4,3,80,3,5,2,3,5,4,0,0
40,0,2,1202,1,2,1,3,1,1375,2,0,89,4,2,0,3,0,-705.0879053980134,13888,5,0,0,20,4,2,80,3,15,0,3,12,11,11,8
34,0,2,285,1,29,3,3,1,1377,2,1,86,3,2,2,3,1,-5370.708217264646,17491,4,0,0,13,3,1,80,2,10,1,3,8,7,7,7
31,1,1,703,2,2,3,1,1,1379,3,0,90,2,1,8,4,2,4693.862228848586,11882,7,0,0,14,3,3,80,0,3,3,4,1,0,0,0
35,1,1,662,2,18,4,2,1,1380,4,0,67,3,2,7,3,1,2957.1632608397867,23288,0,0,1,18,3,3,80,1,5,0,2,4,2,3,2
38,0,1,693,1,7,3,1,1,1382,4,1,57,4,1,6,3,0,607.7345225061595,15748,1,0,0,11,3,4,80,3,4,2,3,4,2,0,3
34,0,2,404,1,2,4,5,1,1383,3,0,98,3,2,0,4,2,10058.384046733288,6163,1,0,0,11,3,4,80,0,14,2,4,14,11,4,11
28,0,2,736,2,26,3,1,1,1387,3,1,48,2,2,7,1,1,18877.610438925098,24232,1,0,0,11,3,3,80,1,5,0,3,5,3,0,4
31,1,2,330,1,22,4,3,1,1389,4,1,98,3,2,4,3,1,34822.0407709478,21057,1,0,1,15,3,4,80,2,10,3,2,10,2,6,7
39,0,2,1498,2,21,4,1,1,1390,1,1,44,2,2,7,4,1,-2526.0378529697155,3567,3,0,1,12,3,4,80,2,8,2,4,5,4,1,4
51,0,1,541,2,2,3,2,1,1391,2,1,52,3,3,7,2,1,-2432.728372221445,15395,2,0,0,11,3,2,80,0,14,5,3,4,2,3,2
41,0,1,1200,1,22,3,1,1,1392,4,0,75,3,2,6,4,0,-10823.182728006472,13953,3,0,1,14,3,1,80,2,12,4,2,6,2,3,3
37,0,2,1439,1,4,1,1,1,1394,3,1,54,3,1,6,3,1,8089.806474608199,5182,7,0,1,15,3,4,80,0,8,2,3,6,4,1,3
33,0,1,1111,2,5,1,1,1,1395,2,1,61,3,2,7,4,1,6879.553844125492,19293,6,0,0,13,3,1,80,0,8,2,4,5,4,1,2
32,0,2,499,2,2,1,2,1,1396,3,1,36,3,2,7,2,1,43591.64556227788,20497,0,0,1,13,3,1,80,3,4,3,2,3,2,1,2
39,0,0,1485,1,25,2,1,1,1397,3,1,71,3,3,0,3,1,-7197.609013501762,3449,3,0,0,21,4,2,80,1,13,2,3,6,4,0,5
25,0,2,1372,2,18,1,1,1,1399,1,1,93,4,2,7,3,1,-8563.029760014504,12477,2,0,0,11,3,2,80,0,6,3,2,3,2,1,2
52,0,1,322,1,28,2,3,1,1401,4,0,59,4,4,4,3,1,43765.85838534274,9731,2,0,1,11,3,2,80,1,24,3,2,5,3,0,2
43,0,2,930,1,6,3,3,1,1402,1,0,73,2,2,6,3,2,-16017.4331301786,20003,1,0,1,14,3,1,80,0,20,3,1,20,7,1,8
27,0,2,205,2,10,3,2,1,1403,4,0,98,2,2,7,4,1,12144.13131859639,7100,1,0,1,11,3,4,80,0,6,3,3,6,2,4,4
27,1,2,135,1,17,4,1,1,1405,4,0,51,3,1,6,3,2,-2391.3147360220573,25681,1,0,1,13,3,4,80,0,8,2,3,8,2,7,7
26,0,2,683,1,2,1,3,1,1407,1,1,36,2,1,6,4,2,-11283.91094867084,4050,0,0,0,12,3,4,80,0,5,2,3,4,3,1,1
42,0,2,1147,0,10,3,0,1,1408,3,0,31,3,4,3,1,1,19137.198571789486,16616,0,0,0,14,3,3,80,1,21,5,3,20,7,0,9
52,0,2,258,1,8,4,4,1,1409,3,0,54,3,1,2,1,1,11797.916180219407,17363,9,0,0,13,3,3,80,0,12,2,1,5,4,0,4
37,0,2,1462,1,11,3,3,1,1411,1,0,94,3,1,2,3,2,-4964.372131163758,19106,4,0,0,18,3,1,80,0,8,6,3,3,2,0,2
35,0,1,200,1,18,2,1,1,1412,3,1,60,3,3,4,4,2,21173.421022398732,19944,2,0,0,11,3,3,80,0,10,2,3,2,2,2,2
25,0,2,949,1,1,3,5,1,1415,1,1,81,3,1,2,4,1,21616.24754216011,4910,4,0,0,11,3,2,80,1,7,2,2,3,2,0,2
26,0,2,652,1,7,3,4,1,1417,3,1,100,4,1,2,1,2,-18391.317749784976,23577,0,0,0,12,3,4,80,0,8,2,3,7,7,0,7
29,0,2,332,0,17,3,4,1,1419,2,1,51,2,3,1,1,2,28128.106418912455,9769,1,0,0,13,3,1,80,0,10,3,2,10,9,0,9
49,1,1,1475,1,28,2,1,1,1420,1,1,97,2,2,2,1,2,-6883.56264587815,22710,3,0,0,20,4,1,80,0,20,2,3,4,3,1,3
29,1,1,337,1,14,1,4,1,1421,3,0,84,3,3,0,4,2,56973.12614890858,22930,0,0,1,12,3,1,80,0,9,1,3,8,7,7,7
54,0,2,971,1,1,3,3,1,1422,4,0,54,3,4,5,4,2,23104.365921042277,5652,6,0,0,19,3,4,80,0,29,3,2,20,7,12,7
58,0,2,1055,1,1,3,3,1,1423,4,0,76,3,5,5,1,1,11242.2954284434,22456,3,0,1,21,4,3,80,1,32,3,3,9,8,1,5
55,0,2,1136,1,1,4,3,1,1424,2,1,81,4,4,5,4,0,-2615.554856673276,12414,2,0,0,13,3,4,80,2,31,4,4,7,7,0,0
36,0,2,1174,2,3,4,2,1,1425,1,0,99,3,2,7,2,2,17934.234242014474,20763,3,0,1,16,3,4,80,0,15,3,3,5,4,0,1
31,1,1,667,2,1,4,1,1,1427,2,0,50,1,1,8,3,2,-7986.370614519186,16154,1,0,0,12,3,2,80,0,1,3,3,1,0,0,0
30,0,2,855,2,7,4,2,1,1428,4,0,73,3,2,7,1,0,41020.4870180993,12761,7,0,0,14,3,2,80,2,8,3,3,3,2,0,2
31,0,2,182,1,8,5,1,1,1430,1,0,93,3,4,5,2,2,-8727.044929335596,8847,3,0,0,11,3,3,80,0,9,3,4,3,2,1,0
34,0,1,560,1,1,4,4,1,1431,4,1,91,3,1,6,1,0,-9501.779587615978,20284,5,0,0,14,3,3,80,2,10,2,3,4,3,1,3
31,1,2,202,1,8,3,1,1,1433,1,0,34,2,1,6,2,2,11592.31664626519,22262,1,0,0,12,3,3,80,0,1,3,4,1,0,0,0
27,0,2,1377,1,11,1,1,1,1434,2,1,91,3,1,2,1,1,-24969.24131054455,7679,0,0,0,14,3,2,80,0,6,3,4,5,0,1,4
36,0,2,172,1,4,4,1,1,1435,1,1,37,2,2,2,4,2,2039.0162919076174,22604,1,0,0,16,3,3,80,0,10,2,2,10,4,1,8
36,0,2,329,2,16,4,2,1,1436,3,0,98,2,2,7,1,1,7240.632088498495,13494,4,0,0,13,3,1,80,2,11,3,2,3,2,0,2
47,0,2,465,1,1,3,5,1,1438,1,1,74,3,1,6,4,1,69009.66308606905,10205,7,0,0,12,3,3,80,1,17,2,2,6,5,1,2
25,1,2,383,2,9,2,1,1,1439,1,1,68,2,1,8,1,1,25051.52131308249,15182,3,0,0,12,3,1,80,0,6,2,3,3,2,2,2
37,0,0,1413,1,5,2,5,1,1440,3,1,84,4,1,2,3,2,-21192.578755596016,25470,0,0,0,14,3,1,80,0,7,2,1,6,5,1,3
56,0,2,1255,1,1,2,1,1,1441,1,0,90,3,1,6,1,1,9879.921518435856,10494,2,0,0,22,4,4,80,1,5,3,4,3,2,1,0
47,0,2,359,1,2,4,3,1,1443,1,0,82,3,4,5,3,1,16159.467833217519,26703,3,0,0,19,3,2,80,2,26,2,4,20,17,5,6
24,0,2,1476,2,4,1,3,1,1445,4,0,42,3,2,7,3,1,-9123.077385203658,15211,1,0,1,12,3,3,80,2,5,3,3,5,4,0,3
32,0,2,601,2,7,5,2,1,1446,4,1,97,3,2,7,4,1,5112.046328547394,23343,4,0,0,12,3,3,80,1,7,3,2,4,3,0,3
34,0,2,401,1,1,3,1,1,1447,4,0,86,2,1,2,2,1,7119.95976673778,3708,5,0,0,17,3,1,80,1,7,2,2,5,4,0,2
41,0,2,1283,1,5,5,3,1,1448,2,1,90,4,1,6,3,1,11485.997730273435,5561,2,0,1,12,3,1,80,0,7,5,2,4,2,0,3
40,0,0,663,1,9,4,4,1,1449,3,1,81,3,2,2,3,0,38398.020548818524,23099,3,0,0,11,3,3,80,2,11,2,4,8,7,0,7
31,0,2,326,2,8,2,1,1,1453,1,1,31,3,3,7,4,0,31489.213897525904,8386,1,0,0,18,3,1,80,1,13,5,3,13,7,9,9
46,1,2,377,2,9,3,2,1,1457,1,1,52,3,3,7,4,0,-1521.3635562538639,15986,4,0,0,11,3,1,80,1,28,1,4,7,7,4,3
39,1,0,592,1,2,3,1,1,1458,1,0,54,2,1,2,1,2,32240.323755539754,17181,2,0,1,23,4,2,80,0,11,2,4,1,0,0,0
31,1,1,1445,1,1,5,1,1,1459,3,0,100,4,3,4,2,2,10066.821787660136,8931,1,0,0,11,3,1,80,0,10,2,3,10,8,4,7
45,0,2,1038,1,20,3,3,1,1460,2,1,95,1,3,0,1,0,75159.45130057962,19863,2,0,1,18,3,2,80,1,24,2,3,7,7,0,7
31,0,2,1398,0,8,2,3,1,1461,4,0,96,4,1,1,2,2,47801.95738437548,24609,9,0,0,18,3,4,80,0,8,3,3,3,2,0,2
31,1,1,523,1,2,3,1,1,1464,2,1,94,3,1,2,4,1,10071.002611900742,21081,6,0,1,13,3,3,80,1,7,2,1,2,2,2,2
45,0,2,1448,1,29,3,5,1,1465,2,1,55,3,3,4,4,1,-8001.740198151245,14720,4,0,1,18,3,4,80,2,10,4,4,3,1,1,2
48,0,2,1221,2,7,3,2,1,1466,3,1,96,3,2,7,1,0,-52.172493076902356,24795,4,0,0,11,3,1,80,3,15,3,3,2,2,2,2
34,1,2,1107,0,9,4,5,1,1467,1,0,52,3,1,1,3,1,16853.38031857268,3072,1,0,0,15,3,4,80,0,2,0,3,2,2,2,2
40,0,0,218,1,8,1,3,1,1468,4,1,55,2,3,5,2,0,16156.22163853498,25178,2,0,0,11,3,3,80,1,16,5,3,9,8,4,8
28,0,2,866,2,5,3,3,1,1469,4,1,84,3,2,7,1,2,26515.491186733183,23490,0,0,0,18,3,4,80,0,6,4,3,5,4,1,3
44,0,0,981,1,5,3,1,1,1471,3,1,90,2,1,2,3,2,7497.736757199509,7973,3,0,0,14,3,4,80,0,7,5,3,5,2,0,3
53,0,2,447,1,2,3,3,1,1472,4,1,39,4,4,5,2,2,45277.498950372756,19764,4,0,0,12,3,2,80,0,35,2,2,9,8,8,8
49,0,2,1495,1,5,4,5,1,1473,1,1,96,3,2,0,3,1,-68544.42872806863,21534,2,0,0,14,3,2,80,1,20,0,2,3,2,1,2
40,0,2,896,1,2,3,3,1,1474,3,1,68,3,1,6,3,0,1099.2987226896807,8045,2,0,0,14,3,3,80,1,8,3,4,3,1,1,2
44,0,2,1467,1,20,3,1,1,1475,4,1,49,3,1,6,2,2,-12416.140183722155,21158,1,0,0,13,3,3,80,0,6,3,2,5,2,1,3
33,0,1,430,2,7,3,3,1,1477,4,1,54,3,2,7,1,1,6984.85656222223,17456,0,0,0,14,3,1,80,2,5,2,3,4,3,0,3
34,0,2,1326,2,3,3,4,1,1478,4,1,81,1,2,7,1,2,26102.8266256012,15891,3,0,0,18,3,4,80,0,15,2,3,13,9,3,12
30,0,2,1358,2,16,1,1,1,1479,4,1,96,3,2,7,3,1,-3192.3683310533543,2939,8,0,0,15,3,3,80,2,4,2,2,2,1,2,2
42,0,1,748,1,9,2,3,1,1480,1,0,74,3,1,2,4,2,22443.403701216692,16458,1,0,0,13,3,3,80,0,12,3,3,12,9,5,8
44,0,1,383,2,1,5,2,1,1481,1,0,79,3,2,7,3,1,-2904.9023521030576,9282,7,0,0,12,3,3,80,1,11,4,2,1,0,0,0
30,0,0,990,1,7,3,5,1,1482,3,1,64,3,1,6,3,0,17213.745726020847,7152,1,0,0,13,3,2,80,2,1,2,2,1,0,0,0
57,0,2,405,1,1,2,1,1,1483,2,1,93,4,2,6,3,1,16877.116853123636,2721,0,0,0,24,4,1,80,1,13,2,2,12,9,2,8
49,0,2,1490,1,7,4,1,1,1484,3,1,35,3,3,0,2,0,12968.079488177205,20948,3,0,0,14,3,2,80,2,29,3,3,8,7,0,7
34,0,1,829,1,15,3,3,1,1485,2,1,71,3,4,5,1,0,13798.879622996821,11929,7,0,0,14,3,4,80,2,16,3,2,14,8,6,9
28,1,1,1496,2,1,3,5,1,1486,1,1,92,3,1,8,3,1,-1361.1403515509337,15747,3,0,0,15,3,4,80,1,5,3,4,3,2,1,2
29,1,1,115,2,13,3,5,1,1487,1,0,51,3,2,7,2,2,73354.34335440256,17485,5,0,0,11,3,1,80,0,7,4,1,5,3,0,0
34,1,2,790,2,24,4,3,1,1489,1,0,40,2,2,7,2,2,45049.340515176664,7815,0,0,1,23,4,3,80,0,16,2,4,15,9,10,10
35,0,2,660,2,7,1,1,1,1492,4,1,76,3,1,8,3,1,35129.118358273205,16192,1,0,0,13,3,1,80,1,1,3,3,1,0,0,0
24,1,1,381,1,9,3,3,1,1494,2,1,89,3,1,2,1,2,-49647.13853114606,16998,2,0,1,11,3,3,80,0,4,2,2,0,0,0,0
24,0,0,830,2,13,2,1,1,1495,4,0,78,3,1,8,2,1,4999.572944271282,7103,1,0,0,13,3,3,80,1,1,2,3,1,0,0,0
44,0,1,1193,1,2,1,3,1,1496,2,1,86,3,3,4,3,2,-49213.453346598704,19719,5,0,1,18,3,2,80,0,16,2,2,2,2,2,2
29,0,2,1246,2,19,3,1,1,1497,3,1,77,2,2,7,3,0,31036.480207624263,23757,1,0,0,14,3,3,80,2,10,3,3,10,7,0,4
30,0,2,330,0,1,3,1,1,1499,3,1,46,3,1,1,3,0,2189.2685527138774,15428,0,0,0,21,4,1,80,1,6,3,4,5,3,1,3
55,0,2,1229,1,4,4,1,1,1501,4,1,30,3,2,0,3,1,36977.32149002791,16143,0,0,1,16,3,2,80,0,4,2,3,3,2,1,2
33,0,2,1099,1,4,4,3,1,1502,1,0,82,2,1,2,2,1,120.68363925624817,8192,8,0,0,11,3,4,80,0,8,5,3,5,4,0,2
47,0,2,571,2,14,3,3,1,1503,3,0,78,3,2,7,3,1,-13862.396347836519,24200,3,0,1,17,3,3,80,1,11,4,2,5,4,1,2
28,1,1,289,1,2,2,3,1,1504,3,1,38,2,1,2,1,2,-67417.03966169129,5355,7,0,0,11,3,3,80,0,8,2,2,0,0,0,0
28,0,2,1423,1,1,3,1,1,1506,1,1,72,2,1,6,3,0,4120.185037019191,12530,1,0,0,14,3,4,80,1,1,2,1,1,0,0,0
28,0,1,467,2,7,3,1,1,1507,3,1,55,3,2,7,1,2,-11682.473293280098,11827,0,0,0,14,3,4,80,0,5,5,3,4,2,1,3
49,0,2,271,1,3,2,3,1,1509,3,0,43,2,2,2,1,1,44724.27048807768,23070,4,0,0,25,4,1,80,1,10,3,3,3,2,1,2
29,0,1,410,1,2,1,1,1,1513,4,0,97,3,1,2,2,1,11721.99551210818,4668,0,0,0,13,3,3,80,3,4,3,3,3,2,0,2
28,0,2,1083,1,29,1,1,1,1514,3,1,96,1,2,4,2,1,4319.989143943358,3173,1,0,0,14,3,2,80,2,8,2,2,8,6,1,7
33,0,2,516,1,8,5,1,1,1515,4,1,69,3,2,0,3,2,15676.360293151001,22049,2,0,1,17,3,1,80,0,14,6,3,0,0,0,0
32,0,2,495,1,10,3,3,1,1516,3,1,64,3,3,3,4,2,-9245.230264930007,21072,2,0,0,25,4,2,80,0,10,5,4,5,2,0,0
54,0,1,1050,1,11,4,3,1,1520,2,0,87,3,4,3,4,0,5094.4455099401675,24456,3,0,0,20,4,1,80,1,26,2,3,14,9,1,12
29,1,2,224,1,1,4,5,1,1522,1,1,100,2,1,6,1,2,-9218.530142321719,7568,6,0,0,13,3,3,80,0,11,2,1,9,7,0,7
44,0,2,136,1,28,3,1,1,1523,4,1,32,3,4,5,1,1,-61.22147084650351,22074,3,0,0,13,3,3,80,1,24,1,4,20,6,14,17
39,0,2,1089,1,6,3,1,1,1525,2,0,32,3,3,4,2,2,11918.867494496311,9150,4,0,0,18,3,4,80,0,9,3,3,2,0,2,2
46,0,2,228,2,3,3,1,1,1527,3,0,51,3,4,3,2,1,-40926.770967252756,11380,8,0,0,12,3,4,80,1,23,2,4,13,12,5,1
35,0,2,1029,1,16,3,1,1,1529,4,0,91,2,3,0,2,2,8117.465592618967,21195,1,0,0,19,3,4,80,0,11,3,1,11,8,3,3
23,0,2,507,1,20,1,1,1,1533,1,1,97,3,2,2,3,2,50861.940646779105,24812,0,0,0,14,3,2,80,0,5,2,3,4,3,1,2
40,1,2,676,1,9,4,1,1,1534,4,1,86,3,1,2,1,2,-507.6215581585616,21831,3,0,0,14,3,2,80,0,15,3,1,5,4,1,0
34,0,2,971,2,1,3,5,1,1535,4,1,64,2,3,7,3,1,8799.501185579511,12288,1,0,1,14,3,4,80,0,10,3,3,10,9,8,6
31,1,1,561,1,3,3,1,1,1537,4,0,33,3,1,6,3,2,6851.556254938772,4156,1,0,0,12,3,1,80,0,7,2,1,7,2,7,7
50,0,1,333,1,22,5,3,1,1539,3,1,88,1,4,5,4,2,27080.259098659793,24450,1,0,1,13,3,4,80,0,32,2,3,32,6,13,9
34,0,2,1440,2,7,2,5,1,1541,2,1,55,3,1,8,3,1,-26881.47271355123,4944,0,0,1,25,4,2,80,1,12,4,3,11,10,5,7
42,0,2,1210,1,2,3,3,1,1542,3,1,68,2,1,2,2,1,23341.520514857075,24052,4,0,0,14,3,2,80,1,4,3,3,1,0,0,0
37,0,2,674,1,13,3,3,1,1543,1,1,47,3,2,6,4,1,26478.874743123164,3031,1,0,0,17,3,1,80,0,10,2,3,10,8,3,7
29,0,2,441,1,8,1,4,1,1544,3,0,39,1,2,0,1,1,18500.41530913546,7288,3,0,0,13,3,3,80,1,9,3,3,7,7,0,7
33,0,2,575,1,25,3,1,1,1545,4,1,44,2,2,4,2,2,20168.908077513304,24152,1,0,0,13,3,4,80,0,5,2,3,5,3,0,2
45,0,2,950,1,28,3,5,1,1546,4,1,97,3,1,6,4,1,61068.80854583828,4585,4,0,0,20,4,4,80,1,8,3,3,5,4,0,3
42,0,1,288,1,2,3,1,1,1547,4,1,40,3,3,0,4,1,76777.70009791337,18611,2,0,1,14,3,3,80,1,24,3,1,20,8,13,9
40,0,2,1342,2,9,2,3,1,1548,1,1,47,3,2,7,1,1,-6250.834001493686,19345,0,0,0,12,3,4,80,0,9,5,4,8,4,7,1
33,0,2,589,1,28,4,1,1,1549,2,1,79,3,2,2,3,1,-99474.88101912611,22949,1,0,1,12,3,2,80,1,15,3,3,15,14,5,7
40,0,2,898,0,6,2,3,1,1550,3,1,38,3,4,3,4,2,26438.15510731008,17381,1,0,1,21,4,4,80,0,21,2,3,21,7,7,7
24,0,2,350,1,21,2,5,1,1551,3,1,57,2,1,2,1,0,62036.38063225666,10036,0,0,0,14,3,2,80,3,2,3,3,1,1,0,0
40,0,0,1142,1,8,2,1,1,1552,4,1,72,3,2,0,4,0,-6408.696191839841,8841,3,0,1,18,3,3,80,0,8,2,3,2,2,2,2
45,0,2,538,1,1,4,5,1,1553,1,1,66,3,3,0,2,0,50096.65204503454,20933,1,0,0,12,3,1,80,3,10,4,3,10,8,7,7
35,0,2,1402,2,28,4,1,1,1554,2,0,98,2,1,8,3,1,29446.40233534788,26204,0,0,0,23,4,1,80,2,6,5,3,5,3,4,2
32,0,2,824,1,5,2,1,1,1555,4,0,67,2,2,6,2,1,-15956.244382416848,15624,3,0,0,12,3,1,80,1,12,2,3,7,1,2,5
36,0,2,1157,2,2,4,1,1,1556,3,1,70,3,1,8,4,2,50878.56182396901,17001,3,0,1,21,4,4,80,0,7,3,2,3,2,1,2
48,0,2,492,2,16,4,1,1,1557,3,0,96,3,2,7,3,0,-75.55916603953938,13693,8,0,0,14,3,3,80,1,18,2,3,8,7,7,7
29,0,2,598,1,9,3,1,1,1558,3,1,91,4,1,6,3,1,-39819.27030693871,22376,6,0,0,18,3,1,80,2,5,2,2,1,0,0,0
33,0,2,1242,2,8,4,1,1,1560,1,1,46,3,2,7,1,1,-54784.49837432446,10589,2,0,0,13,3,4,80,1,8,6,1,2,2,2,2
30,1,2,740,2,1,3,1,1,1562,2,1,64,2,2,7,1,1,30506.690837856677,5323,1,0,0,11,3,4,80,1,10,4,3,10,8,6,7
38,0,1,888,0,10,4,0,1,1563,3,1,71,3,2,1,3,1,78212.99404275558,14814,3,0,0,11,3,3,80,0,10,2,3,6,3,1,2
35,0,2,992,1,1,3,3,1,1564,4,1,68,2,1,2,1,2,20984.557527114343,21731,1,0,0,19,3,2,80,0,3,3,3,3,0,1,2
30,0,2,1288,2,29,4,5,1,1568,3,1,33,3,3,7,2,1,5154.48719280248,17799,3,0,0,12,3,2,80,1,9,3,3,4,2,1,3
35,1,2,104,1,2,3,1,1,1569,1,0,69,3,1,2,1,0,-14416.570639926184,26619,1,0,1,12,3,4,80,1,1,2,3,1,0,0,0
53,1,2,607,1,2,5,5,1,1572,3,0,78,2,3,4,4,1,45850.63240437342,14618,0,0,0,16,3,2,80,1,34,4,3,33,7,1,9
38,1,2,903,1,2,3,3,1,1573,3,1,81,3,2,4,2,1,7422.846584231966,7653,4,0,0,11,3,1,80,2,7,2,3,5,2,1,4
32,0,0,1200,1,1,4,5,1,1574,4,1,62,3,2,6,1,1,2984.2823850423483,25174,4,0,0,14,3,2,80,1,9,3,2,6,5,1,2
48,0,2,1108,1,15,4,4,1,1576,3,0,65,3,1,6,1,1,-14153.35332642253,16530,8,0,0,12,3,4,80,1,10,3,2,8,2,7,6
34,0,2,479,1,7,4,3,1,1577,1,1,35,3,1,6,4,2,5684.970169639094,22061,1,0,0,13,3,3,80,0,1,4,1,1,0,0,0
55,0,2,685,2,26,5,2,1,1578,3,1,60,2,5,3,4,1,-15871.717560087221,23037,1,0,0,21,4,3,80,1,36,3,3,36,6,2,13
34,0,2,1351,1,1,4,1,1,1580,2,1,45,3,2,6,4,1,-44168.91362823652,13008,9,0,0,17,3,2,80,1,9,3,2,2,2,2,1
26,0,2,474,1,3,3,1,1,1581,1,0,89,3,1,6,4,1,-1345.8746589044513,11133,1,0,0,21,4,1,80,0,1,5,3,1,0,0,0
38,0,2,1245,2,14,3,1,1,1582,3,1,80,3,2,7,2,1,25345.377382773484,12355,0,0,0,11,3,4,80,1,10,3,3,9,8,7,7
38,0,2,437,2,16,3,1,1,1583,2,0,90,3,2,7,2,2,58782.04008820081,16379,2,0,0,12,3,2,80,0,8,5,4,3,2,1,2
36,0,2,884,2,1,4,1,1,1585,2,0,73,3,2,7,3,2,-30690.022786942915,21447,6,0,0,13,3,1,80,0,15,5,3,1,0,0,0
29,0,2,1370,1,3,1,3,1,1586,2,1,87,3,1,2,1,2,-1813.6444747279002,16213,1,0,1,18,3,4,80,0,10,3,3,10,9,1,5
35,0,2,670,1,10,4,3,1,1587,1,0,51,3,2,0,3,2,29912.06035880819,4223,3,0,1,16,3,3,80,0,10,4,3,5,2,0,4
39,0,2,1462,2,6,3,3,1,1588,4,1,38,4,3,7,3,1,1721.4979991547343,4658,2,0,0,11,3,1,80,1,11,3,3,7,6,7,6
29,0,1,995,1,2,1,1,1,1590,1,1,87,3,2,0,4,0,29369.859963483115,24483,1,0,0,19,3,4,80,1,6,0,4,6,4,1,3
50,0,2,264,2,9,3,2,1,1591,3,1,59,3,5,3,3,1,-34399.13418140507,19519,4,0,1,16,3,3,80,1,27,2,3,1,0,0,0
23,0,2,977,1,10,3,5,1,1592,4,1,45,4,1,6,3,1,-8275.70635463333,12826,2,0,0,16,3,4,80,1,4,2,3,2,2,2,2
36,0,1,1302,1,6,4,1,1,1594,1,1,80,4,2,2,1,1,3952.0826642952097,19711,3,0,1,13,3,4,80,1,9,3,3,3,2,0,2
42,0,2,1059,1,9,2,4,1,1595,4,1,93,2,5,3,4,2,40099.92662695068,26362,8,0,0,22,4,4,80,0,24,2,3,1,0,0,1
35,0,2,750,1,28,3,1,1,1596,2,1,46,4,2,2,3,1,-138.78727058597633,25348,1,0,0,17,3,4,80,2,10,3,2,10,9,6,8
34,0,1,653,1,10,4,5,1,1597,4,1,92,2,2,0,3,1,43123.50013986955,15332,1,0,0,14,3,2,80,1,8,3,2,8,2,7,7
40,0,2,118,2,14,2,1,1,1598,4,0,84,3,2,7,1,1,29377.663707956042,11262,1,0,0,15,3,3,80,1,5,2,3,5,4,1,2
43,0,2,990,1,27,3,5,1,1599,4,1,87,4,1,2,2,0,19786.147501024974,5855,5,0,0,12,3,3,80,1,8,0,3,6,4,0,2
35,0,2,1349,1,7,2,1,1,1601,3,1,63,2,1,2,4,1,5117.639369359578,7713,1,0,0,18,3,4,80,1,1,5,2,1,0,0,1
46,0,2,563,2,1,4,1,1,1602,4,1,56,4,4,3,1,2,42238.06829370945,3156,1,0,0,15,3,2,80,0,27,5,1,26,0,0,12
28,1,2,329,1,24,3,3,1,1604,3,1,51,3,1,2,2,1,17023.525312249738,7324,1,0,1,17,3,3,80,3,1,3,3,1,1,0,0
22,0,0,457,1,26,2,4,1,1605,2,0,85,2,1,6,3,1,8350.819821402762,10293,1,0,1,14,3,2,80,0,4,2,2,4,2,1,3
50,0,1,1234,1,20,5,3,1,1606,2,1,41,3,4,0,3,1,12409.06337226541,20689,2,0,1,15,3,3,80,1,32,3,3,30,8,12,13
32,0,2,634,1,5,4,4,1,1607,2,0,35,4,1,6,4,1,-21027.353798925596,18783,3,0,0,17,3,4,80,2,6,3,3,3,2,0,2
44,0,2,1313,1,7,3,3,1,1608,2,0,31,3,5,5,4,0,21187.49510035678,3549,0,0,1,14,3,4,80,1,23,4,2,22,7,1,10
30,0,2,241,1,7,3,3,1,1609,2,1,48,2,1,6,2,1,27301.47642855645,5348,1,0,0,12,3,2,80,1,6,3,2,6,4,1,1
45,0,2,1015,1,5,5,3,1,1611,3,0,50,1,2,2,1,2,1769.2431802886376,23447,1,0,1,14,3,1,80,0,10,3,3,10,7,1,4
45,0,0,336,2,26,3,2,1,1612,1,1,52,2,2,7,1,1,34718.35791477277,24162,1,0,0,15,3,1,80,1,10,2,3,10,7,4,5
31,0,1,715,2,2,4,4,1,1613,4,1,54,3,2,7,1,2,-36329.17292853934,21602,7,0,0,13,3,4,80,0,10,3,3,5,2,0,3
36,0,2,559,1,12,4,1,1,1614,3,0,76,3,2,4,3,1,-100378.01859925137,12421,9,0,1,12,3,2,80,2,7,2,3,3,2,1,1
34,0,1,426,1,10,4,1,1,1615,3,1,42,4,2,4,4,0,-9933.359076110808,17000,1,0,0,13,3,1,80,1,9,3,3,9,7,7,2
49,0,2,722,1,25,4,1,1,1617,3,0,84,3,1,2,1,1,-14167.762333560739,22102,1,0,0,14,3,4,80,1,10,3,2,9,6,1,4
39,0,2,1387,1,10,5,3,1,1618,2,1,76,3,2,4,1,1,38722.480750386065,3835,2,0,0,13,3,4,80,3,10,3,3,7,7,7,7
27,0,2,1302,1,19,3,4,1,1619,4,1,67,2,1,2,1,0,95.59233050766397,16290,1,0,0,11,3,1,80,2,7,3,3,7,7,0,7
35,0,2,819,1,18,5,1,1,1621,2,1,48,4,2,6,1,1,16722.732690596364,26312,1,0,0,11,3,4,80,0,16,2,3,16,15,1,10
28,0,2,580,1,27,3,3,1,1622,2,0,39,1,2,4,1,0,46460.02952349712,20460,0,0,0,21,4,2,80,1,6,5,2,5,3,0,0
21,0,2,546,1,5,1,3,1,1623,3,1,97,3,1,6,4,2,-48017.75558637305,26009,1,0,0,18,3,3,80,0,3,2,3,2,2,2,2
18,1,1,544,2,3,2,3,1,1624,2,0,70,3,1,8,4,2,3301.01404875963,18420,1,0,1,12,3,3,80,0,0,2,4,0,0,0,0
47,0,2,1176,0,26,4,1,1,1625,4,0,98,3,5,3,3,1,40913.610853543076,5220,3,0,0,11,3,3,80,1,27,2,3,5,2,1,0
39,0,2,170,1,3,2,3,1,1627,3,1,76,2,2,2,3,0,15096.5682508532,10302,0,0,0,15,3,4,80,1,11,3,3,10,8,0,7
40,0,2,884,1,15,3,1,1,1628,1,0,80,2,3,4,3,1,43804.0588518776,25800,1,0,0,13,3,4,80,2,18,2,3,18,15,14,12
35,0,0,208,1,8,4,1,1,1630,3,0,52,3,2,0,3,1,-13172.24184919034,12250,1,0,0,12,3,4,80,1,15,5,3,14,11,2,9
37,0,2,671,1,19,3,1,1,1631,3,1,85,3,2,4,3,1,4648.761087971638,26493,3,0,0,17,3,1,80,3,9,2,2,4,3,0,2
39,0,1,711,1,4,3,3,1,1633,1,0,81,3,2,4,3,2,-15914.974388552091,3140,0,0,0,13,3,4,80,0,10,2,1,9,2,3,8
45,0,2,1329,1,2,2,4,1,1635,4,0,59,2,2,4,4,0,-11155.646022679262,5388,1,0,0,19,3,1,80,2,10,3,3,10,7,3,9
38,0,2,397,1,2,2,3,1,1638,4,0,54,2,3,4,3,1,14121.405269120416,14199,3,0,1,19,3,4,80,1,10,6,4,5,4,0,2
35,1,2,737,2,10,3,3,1,1639,4,1,55,2,3,7,1,1,-898.8774428632605,21530,9,0,0,17,3,3,80,0,15,3,3,13,12,6,0
37,0,2,1470,1,10,3,3,1,1640,2,0,71,3,1,6,2,1,-13187.700338546118,9953,1,0,0,11,3,1,80,1,8,2,1,8,4,7,7
40,0,2,448,1,16,3,1,1,1641,3,0,84,3,3,4,4,2,7090.236666936337,19948,6,0,1,15,3,4,80,0,18,2,2,4,2,3,3
44,0,1,602,0,1,5,0,1,1642,1,1,37,3,2,1,4,1,-4248.144988900916,10503,4,0,1,11,3,3,80,0,14,3,3,10,7,0,2
48,0,1,365,1,4,5,3,1,1644,3,1,89,2,4,3,4,1,11401.351823072157,5602,2,0,0,25,4,2,80,1,23,3,3,2,2,2,2
35,1,2,763,2,15,2,3,1,1645,1,1,59,1,2,7,4,0,22554.04701401355,22098,6,0,1,14,3,4,80,2,7,2,2,2,2,2,2
24,0,1,567,1,2,1,5,1,1646,1,0,32,3,1,6,4,2,17070.255302147176,17218,1,0,1,13,3,3,80,0,6,2,3,6,3,1,3
27,0,2,486,1,8,3,3,1,1647,2,0,86,4,1,6,3,1,30560.743345675168,22490,7,0,0,17,3,1,80,0,5,0,3,3,2,0,2
27,0,1,591,1,2,3,3,1,1648,4,1,87,3,1,6,4,2,18291.854960703604,6297,2,0,0,13,3,3,80,0,6,0,2,4,2,1,2
40,1,2,1329,1,7,3,1,1,1649,1,1,73,3,1,2,1,2,-22110.28456308816,3339,3,0,1,14,3,2,80,0,10,3,1,4,2,0,3
29,0,2,469,2,10,3,3,1,1650,3,1,42,2,2,7,3,2,17291.04108039275,23413,9,0,0,11,3,3,80,0,8,2,3,5,2,1,4
36,0,2,711,1,5,4,1,1,1651,2,0,42,3,3,0,1,1,45566.3280902797,22792,4,0,0,12,3,3,80,2,9,6,3,3,2,0,2
25,0,1,772,1,2,1,1,1,1653,4,1,77,4,2,4,3,0,-2596.4432962160745,4973,1,0,0,17,3,3,80,2,7,6,3,7,7,0,7
39,0,2,492,1,12,3,3,1,1654,4,1,66,3,2,4,2,1,-1235.6830126376963,7693,4,0,0,21,4,3,80,0,7,3,3,5,4,1,0
49,0,2,301,1,22,4,4,1,1655,1,0,72,3,4,5,2,1,24026.60066275153,3498,3,0,0,16,3,2,80,2,27,2,3,4,2,1,2
50,0,2,813,1,17,5,1,1,1656,4,0,50,2,3,5,1,0,17690.40400575191,21981,5,0,0,15,3,3,80,3,19,3,3,14,11,1,11
20,0,2,1141,2,2,3,3,1,1657,3,0,31,3,1,8,3,2,-31478.52315760746,13251,1,0,0,19,3,1,80,0,2,3,3,2,2,2,2
34,0,2,1130,1,3,3,1,1,1658,4,0,66,3,2,6,2,0,-11786.028057300933,19332,1,0,0,12,3,3,80,1,11,2,3,11,8,7,9
36,0,2,311,1,7,3,1,1,1659,1,1,77,3,1,2,2,2,-101424.0517101908,10950,2,0,0,11,3,3,80,0,15,4,3,4,3,1,3
49,0,2,465,1,6,1,1,1,1661,3,0,41,2,4,0,3,1,102937.87693706443,11652,2,0,1,19,3,2,80,1,30,3,3,15,11,2,12
36,0,0,894,1,1,4,3,1,1662,4,0,33,2,2,4,3,1,-1433.3144723393843,15411,0,0,0,15,3,3,80,0,4,6,3,3,2,1,2
36,0,2,1040,1,3,2,1,1,1664,4,1,79,4,2,0,1,0,-9041.546307760189,26308,6,0,0,20,4,1,80,1,13,3,3,5,4,0,4
54,0,2,584,1,22,5,3,1,1665,2,0,91,3,4,3,3,1,4263.435324547201,18685,3,0,0,25,4,3,80,1,36,6,3,10,8,4,7
43,0,2,1291,1,15,2,1,1,1666,3,1,65,2,4,5,3,1,26444.499289249474,3525,1,0,0,24,4,1,80,1,14,3,3,14,10,6,11
35,1,1,880,2,12,4,4,1,1667,4,1,36,3,2,7,4,2,-10781.542382366655,10414,3,0,1,24,4,1,80,0,13,2,4,11,9,6,7
38,0,1,1189,1,1,3,1,1,1668,4,1,90,3,2,6,4,1,-55861.05156860424,9867,7,0,0,15,3,4,80,2,19,4,4,13,11,2,9
29,0,2,991,2,5,3,3,1,1669,1,1,43,2,2,7,2,0,6363.909421134896,3356,1,0,1,13,3,2,80,1,10,3,2,10,0,0,9
33,0,2,392,2,2,4,3,1,1670,4,1,93,3,2,7,4,0,-23456.930656772227,3921,1,0,0,14,3,3,80,2,6,5,3,6,2,0,4
32,0,2,977,1,2,3,3,1,1671,4,1,45,3,2,6,2,0,8619.190764439827,25518,0,0,0,13,3,3,80,2,10,4,2,9,5,1,6
31,0,2,1112,2,5,4,1,1,1673,1,0,67,3,2,7,4,1,48107.940805310056,22589,1,0,0,11,3,1,80,2,10,2,3,10,0,0,2
49,0,2,464,1,16,3,3,1,1674,4,0,74,3,1,2,1,0,-19752.676704964153,24941,4,0,1,16,3,2,80,1,17,2,2,2,2,2,2
38,0,1,148,1,2,3,3,1,1675,4,0,42,2,1,2,2,2,58750.51495129192,23826,1,0,0,22,4,2,80,0,4,3,3,4,3,3,3
47,0,2,1225,2,2,4,1,1,1676,2,0,47,4,4,3,2,0,33806.84313831185,21086,6,0,0,14,3,3,80,3,29,2,3,3,2,1,2
49,0,2,809,1,1,3,1,1,1677,3,1,36,3,4,3,3,2,54401.50841251534,22384,4,0,0,14,3,1,80,0,23,2,3,8,7,0,0
41,0,2,1206,2,23,2,1,1,1678,4,1,80,3,3,7,3,2,-8176.350177595159,11591,3,0,1,16,3,4,80,0,21,2,3,2,0,0,2
20,0,2,727,2,9,1,1,1,1680,4,1,54,3,1,8,1,2,-24977.783767619483,21082,1,0,0,11,3,1,80,0,2,3,3,2,2,0,2
33,0,0,530,2,16,3,1,1,1681,3,0,36,3,2,7,4,0,-4375.058715028836,16130,1,0,1,25,4,3,80,1,7,2,3,6,5,1,2
36,0,2,1351,1,26,4,1,1,1682,1,1,80,3,2,0,3,1,-44537.12558292966,7419,6,0,0,14,3,2,80,2,10,2,2,3,2,0,2
44,0,2,528,0,1,3,1,1,1683,3,0,44,3,1,1,4,0,28881.817264560967,4167,4,0,1,18,3,1,80,3,8,2,3,2,2,2,2
23,1,2,1320,1,8,1,3,1,1684,4,1,93,2,1,2,3,2,56763.426651513095,20586,1,0,1,11,3,1,80,0,5,2,3,5,4,1,2
38,0,2,1495,1,4,2,3,1,1687,4,0,87,3,1,2,3,1,17851.733452298038,26176,7,0,0,19,3,4,80,1,7,5,2,0,0,0,0
53,0,2,1395,1,24,4,3,1,1689,2,1,48,4,3,0,4,1,-64229.63395105601,3458,3,0,0,15,3,3,80,0,11,2,3,4,3,1,2
48,1,1,708,2,7,2,3,1,1691,4,0,95,3,1,8,3,1,14250.584633838713,11740,2,0,1,11,3,3,80,2,19,3,3,9,7,7,7
32,1,2,1259,1,2,4,1,1,1692,4,1,95,3,1,2,2,2,-1774.382267443093,24852,1,0,0,12,3,1,80,0,1,2,3,1,0,0,0
26,0,0,786,1,7,3,3,1,1693,4,1,76,3,1,2,4,2,-5866.517112614747,11925,1,0,0,20,4,3,80,0,7,5,3,7,7,5,7
55,0,2,1441,1,22,3,5,1,1694,1,1,94,2,1,6,2,0,-23420.191358883323,23737,5,0,0,12,3,4,80,1,8,1,3,4,2,1,2
34,0,2,1157,1,5,2,3,1,1696,2,1,57,2,2,2,4,1,5788.976092183583,11912,1,0,0,14,3,3,80,1,15,3,4,15,10,4,13
60,0,2,370,1,1,4,3,1,1697,3,1,92,1,3,0,4,0,33701.69473959906,20467,3,0,0,20,4,3,80,1,19,2,4,1,0,0,0
33,0,2,267,1,21,3,3,1,1698,2,1,79,4,1,2,2,1,-18062.90201557666,13637,1,0,0,18,3,4,80,3,14,6,3,14,11,2,13
37,0,1,1278,2,1,4,3,1,1700,3,1,31,1,2,7,4,0,10956.197821150452,7677,1,0,0,14,3,3,80,2,6,2,2,6,3,1,3
34,0,2,678,1,19,3,1,1,1701,2,0,35,2,1,6,4,1,3306.314923564858,20338,1,0,0,12,3,2,80,0,10,3,3,10,9,8,7
23,1,2,427,2,7,3,1,1,1702,3,1,99,3,1,8,4,0,21683.344632666613,25103,1,0,1,21,4,2,80,1,3,2,3,3,2,0,2
44,0,2,921,1,2,3,1,1,1703,3,0,96,4,3,0,4,1,-9150.819503844341,14810,1,0,1,19,3,2,80,1,9,2,3,8,7,6,7
35,0,1,146,1,2,4,3,1,1704,1,1,79,2,1,6,4,2,42353.17771161584,13970,0,0,1,14,3,3,80,0,6,2,4,5,4,1,4
43,0,2,1179,2,2,3,3,1,1706,4,1,73,3,2,7,4,1,11450.484144569604,6069,1,0,1,17,3,1,80,1,10,3,3,10,9,8,8
24,0,2,581,1,9,3,3,1,1707,3,1,62,4,1,6,3,1,32393.216709896147,17616,1,0,0,16,3,4,80,1,5,1,3,5,3,0,4
41,0,2,918,2,6,3,2,1,1708,4,1,35,3,3,7,3,2,-3903.025673089516,15869,1,0,0,12,3,2,80,0,10,3,3,10,8,8,7
29,0,2,1082,1,9,4,3,1,1709,4,0,43,3,1,2,3,1,24560.01155243574,25412,9,0,0,17,3,3,80,1,9,2,3,5,3,1,2
36,0,2,530,2,2,4,1,1,1710,3,0,51,3,2,8,4,2,12003.949012256304,7439,3,0,0,15,3,3,80,0,17,2,2,13,7,6,7
45,0,0,1238,1,1,1,1,1,1712,3,1,74,2,3,0,3,1,-5350.295408946262,3395,3,0,0,23,4,4,80,1,25,3,2,23,15,14,4
24,1,2,240,0,22,1,0,1,1714,4,1,58,1,1,1,3,1,-1177.9356652290062,11585,1,0,0,11,3,3,80,1,1,2,3,1,0,0,0
47,1,1,1093,2,9,3,1,1,1716,3,1,82,1,4,7,3,1,-6622.862262402432,24164,7,0,0,11,3,3,80,0,25,3,1,23,5,14,10
26,0,2,390,1,17,4,3,1,1718,4,1,62,1,1,2,3,1,4908.366897279692,6217,1,0,0,15,3,3,80,3,3,3,4,3,2,0,2
45,0,2,1005,1,28,2,5,1,1719,4,0,48,2,4,5,2,2,26091.816840953805,17119,1,0,0,11,3,3,80,0,21,2,3,21,6,8,6
32,0,1,585,1,10,3,1,1,1720,1,1,56,3,1,6,3,1,-19481.699962456943,17360,6,0,0,13,3,1,80,1,10,3,2,5,2,1,3
31,0,2,741,1,2,4,1,1,1721,2,1,69,3,1,2,3,1,-15217.400536487665,18103,1,0,0,14,3,4,80,1,6,2,4,5,2,0,3
41,0,0,552,0,4,3,0,1,1722,3,1,60,1,2,1,2,1,-18533.357412423713,20794,6,0,0,19,3,2,80,1,10,4,3,3,2,1,2
40,0,2,369,1,8,2,1,1,1724,2,0,92,3,2,4,1,1,6455.114341386679,5041,2,0,1,16,3,2,80,1,18,3,3,1,0,0,0
24,0,2,506,1,29,1,3,1,1725,2,1,91,3,1,2,1,0,-8973.807829941814,3622,1,0,0,13,3,2,80,3,6,2,4,6,2,1,2
46,0,2,717,1,13,4,1,1,1727,3,1,34,3,2,0,2,2,24644.315238208746,9697,6,0,0,14,3,4,80,0,19,3,3,10,7,0,9
35,0,2,1370,1,27,4,1,1,1728,4,1,49,3,2,4,3,1,13480.046425689128,5151,2,0,0,16,3,2,80,1,17,3,3,7,7,0,7
30,0,2,793,1,16,1,1,1,1729,2,1,33,3,1,6,4,1,-15510.72432145604,3811,1,0,0,12,3,2,80,1,10,2,2,10,0,0,8
47,0,0,543,2,2,4,2,1,1731,3,1,87,3,2,7,2,1,-14798.6563518646,3536,7,0,0,11,3,4,80,1,4,3,1,1,0,0,0
46,0,2,1277,2,2,3,1,1,1732,3,1,74,3,3,7,4,0,33198.66573911347,5596,4,0,1,12,3,2,80,1,13,5,2,10,6,0,3
36,1,2,1456,2,13,5,2,1,1733,2,1,96,2,2,7,1,0,14673.521294776547,8658,5,0,1,13,3,2,80,3,16,3,3,2,2,2,2
32,1,2,964,2,1,2,1,1,1734,1,1,34,1,2,7,2,2,1359.341750819116,12147,6,0,0,15,3,2,80,0,10,2,3,0,0,0,0
23,0,2,160,1,4,1,3,1,1735,3,0,51,3,1,2,2,2,-70362.9687484534,12862,1,0,0,13,3,3,80,0,3,3,1,3,2,1,2
31,0,1,163,1,24,1,5,1,1736,4,0,30,3,2,4,4,2,-28478.26841976618,6670,2,0,0,20,4,4,80,0,9,3,2,5,4,1,4
39,0,0,792,1,1,3,1,1,1737,4,1,77,3,2,2,4,1,-10191.144012741872,8989,1,0,1,15,3,4,80,1,9,2,3,9,8,5,8
32,0,2,371,2,19,3,1,1,1739,4,1,80,1,3,7,3,1,-7674.885870007944,3840,3,0,0,13,3,3,80,1,10,2,1,4,3,0,2
40,0,2,611,2,7,4,3,1,1740,2,1,88,3,5,3,2,2,20251.00001318546,4349,1,0,0,14,3,2,80,0,21,3,2,21,8,12,8
45,0,2,176,0,4,3,1,1,1744,3,0,56,1,3,1,3,1,46607.06769002902,6595,4,0,0,21,4,3,80,2,9,2,4,5,0,0,3
30,0,1,1312,1,2,4,5,1,1745,4,0,78,2,1,6,1,2,-4727.43683190262,26427,0,0,0,16,3,4,80,0,10,2,3,9,7,0,7
24,0,1,897,0,10,3,3,1,1746,1,1,59,3,1,1,4,1,-76087.01251188142,2097,0,0,0,14,3,4,80,1,3,2,3,2,2,2,1
30,1,1,600,0,8,3,0,1,1747,3,0,66,2,1,1,4,0,48748.94014353786,9732,6,0,0,11,3,3,80,1,6,0,2,4,2,1,2
31,0,2,1003,2,5,3,5,1,1749,1,1,51,3,2,7,3,1,17514.280109267544,20943,1,0,0,19,3,3,80,1,6,3,3,5,2,0,2
27,0,2,1054,1,8,3,3,1,1751,3,0,67,3,1,6,4,2,-48287.94076526041,6152,1,0,0,11,3,3,80,0,6,5,2,6,2,1,4
29,1,2,428,2,9,3,2,1,1752,2,0,52,1,1,8,2,2,10441.798696692145,14630,1,0,0,13,3,3,80,0,2,3,3,2,2,2,2
29,0,1,461,1,1,3,1,1,1753,4,1,70,4,2,0,3,2,-76986.7011672157,23060,8,0,1,12,3,4,80,0,10,5,4,3,2,0,2
30,0,2,979,2,15,2,2,1,1754,3,1,94,2,3,7,1,0,-3574.8570318505226,3088,2,0,0,11,3,1,80,1,12,2,3,7,7,1,7
34,0,2,181,1,2,4,3,1,1755,4,1,97,4,1,6,4,1,-9702.386966294123,5586,0,0,1,14,3,1,80,3,6,3,3,5,0,1,2
33,0,0,1283,2,2,3,2,1,1756,4,0,62,3,2,7,2,2,14017.997301326275,10697,8,0,0,15,3,4,80,0,13,2,2,11,7,1,7
49,0,2,1313,2,11,4,2,1,1757,4,0,80,3,2,7,4,2,13343.175788811997,8191,3,0,0,12,3,3,80,0,8,1,4,5,1,0,4
33,1,2,211,2,16,3,1,1,1758,1,0,74,3,3,7,1,2,5643.438858577147,10092,2,0,1,20,4,3,80,0,11,2,2,0,0,0,0
38,0,1,594,1,2,2,3,1,1760,3,0,75,2,1,2,2,1,-12986.013065461866,15963,4,0,0,14,3,2,80,1,9,4,2,6,1,0,5
31,1,2,1079,2,16,4,2,1,1761,1,1,70,3,3,7,3,1,13250.24098158902,19002,2,0,0,13,3,1,80,3,10,2,3,1,0,0,0
29,0,2,590,1,4,3,5,1,1762,4,0,91,2,1,6,1,0,30619.432903326106,10007,1,0,0,13,3,3,80,1,1,2,3,1,0,0,0
30,0,2,305,1,16,3,1,1,1763,3,1,58,4,2,0,3,1,-13987.981379628316,9128,3,0,0,16,3,3,80,1,10,3,3,7,0,1,7
32,0,0,953,1,5,4,5,1,1764,2,1,65,3,1,6,2,2,-6790.469500799703,17674,2,0,0,14,3,2,80,0,12,3,3,7,7,0,7
38,0,2,833,1,18,3,3,1,1766,2,1,60,1,2,0,4,1,3969.0789115768334,24539,3,0,1,16,3,3,80,1,15,2,3,1,0,1,0
43,1,1,807,1,17,3,5,1,1767,3,1,38,2,1,6,3,1,-17347.611202908054,15587,9,0,1,16,3,4,80,1,6,4,3,1,0,0,0
42,0,2,855,1,12,3,3,1,1768,2,1,57,3,1,2,2,0,-25602.929101675847,8952,8,0,0,22,4,2,80,3,7,6,2,5,3,0,4
55,0,2,478,1,2,3,3,1,1770,3,1,60,2,5,5,1,1,67008.52528010213,19805,8,0,0,12,3,2,80,3,34,2,3,1,0,0,0
33,0,0,775,1,4,3,5,1,1771,4,1,90,3,2,6,2,0,25592.455491066485,6194,5,0,0,15,3,4,80,2,11,2,2,9,8,1,7
41,0,2,548,1,9,4,1,1,1772,3,1,94,3,1,2,1,0,-3696.397710988019,20520,1,0,0,20,4,2,80,2,5,2,3,5,3,0,4
34,0,0,1375,2,10,3,1,1,1774,4,1,87,3,2,7,3,0,-6955.077340289632,12313,1,0,1,14,3,3,80,1,15,3,3,15,14,0,7
53,0,0,661,1,1,4,3,1,1775,1,0,60,2,4,4,3,1,10040.085526121205,22308,4,0,1,20,4,4,80,3,27,2,2,3,2,0,2
43,0,2,244,0,2,3,1,1,1778,2,1,97,3,1,1,4,2,27812.979141118176,5033,0,0,0,13,3,2,80,0,10,5,3,9,7,1,8
34,0,2,511,2,3,2,1,1,1779,4,0,32,1,2,7,4,2,-1423.3247342449886,25353,5,0,0,12,3,1,80,0,6,3,3,2,2,2,2
21,1,2,337,2,7,1,2,1,1780,2,1,31,3,1,8,2,2,-5782.096163688813,4567,1,0,0,13,3,2,80,0,1,3,3,1,0,1,0
38,0,2,1153,1,6,2,4,1,1782,4,0,40,2,1,2,3,1,-77805.9957511618,16376,1,0,0,11,3,2,80,1,5,3,3,5,4,0,4
22,1,2,1294,1,8,1,3,1,1783,3,0,79,3,1,2,1,1,33399.02578059902,15999,1,0,1,17,3,3,80,0,1,6,3,1,0,0,0
31,0,2,196,2,29,4,2,1,1784,1,0,91,2,2,7,4,1,23861.882114300166,13402,1,0,0,14,3,1,80,2,13,3,3,12,7,5,7
51,0,2,942,1,3,3,5,1,1786,1,0,53,3,3,3,3,1,29119.124883427514,22984,2,0,0,11,3,4,80,0,15,2,3,2,2,2,2
37,0,2,589,2,9,2,2,1,1787,2,1,46,2,2,7,2,1,-10656.827368461138,8800,1,0,0,14,3,1,80,2,5,2,3,5,2,0,3
46,0,2,734,1,2,4,3,1,1789,3,1,46,3,5,5,4,0,69291.1419740356,14218,7,0,1,17,3,3,80,1,24,3,3,2,1,2,2
36,0,2,1383,1,10,3,1,1,1790,4,1,90,3,3,0,1,1,67381.44539224391,25949,7,0,1,13,3,4,80,1,15,1,3,12,8,5,7
44,1,1,429,1,1,2,3,1,1792,3,1,99,3,1,6,2,0,-29801.47782140146,11092,1,0,1,12,3,3,80,3,6,2,2,5,3,2,3
37,0,2,1239,0,8,2,4,1,1794,3,1,89,3,2,1,2,0,-31534.87952722382,12832,2,0,0,13,3,3,80,0,19,4,2,10,0,4,7
35,1,2,303,2,27,3,1,1,1797,3,1,84,3,2,7,4,2,23079.459114736354,13492,1,0,1,18,3,4,80,0,10,2,3,10,7,7,7
33,0,2,867,1,8,4,1,1,1798,4,1,90,4,1,6,1,1,-51471.39656118153,6076,6,0,0,19,3,2,80,1,14,1,3,10,8,7,6
28,0,2,1181,1,1,3,1,1,1799,3,1,82,3,1,6,4,1,8129.285997074539,5531,1,0,0,11,3,3,80,1,5,6,4,5,3,0,3
39,0,2,1253,1,10,1,3,1,1800,3,1,65,3,3,5,3,2,19477.928827375,7914,7,0,0,21,4,3,80,0,9,3,3,4,3,2,2
46,0,0,849,2,26,2,1,1,1801,2,1,98,2,2,7,2,2,13835.003423700975,25166,8,0,0,15,3,3,80,0,6,3,3,2,2,2,2
40,0,2,616,1,2,2,1,1,1802,3,0,99,3,1,2,1,1,35515.92795447537,25605,4,0,0,17,3,4,80,1,7,5,2,4,3,0,2
42,0,2,1128,1,13,3,3,1,1803,2,1,95,4,2,0,1,1,-33039.39298888538,5696,5,0,0,18,3,3,80,2,10,2,2,0,0,0,0
35,0,0,1180,1,2,2,3,1,1804,2,1,90,3,2,4,4,0,598.028673777907,24442,2,0,0,14,3,3,80,1,15,6,3,7,7,1,7
38,0,0,1336,0,2,3,0,1,1805,1,1,100,3,1,1,2,0,-14949.208500747609,7129,5,0,0,13,3,4,80,3,13,3,3,11,10,3,8
34,1,1,234,1,9,4,1,1,1807,4,1,93,3,2,2,1,1,685.0732981510982,6208,4,0,0,17,3,3,80,1,11,3,2,7,1,0,7
37,1,2,370,1,10,4,3,1,1809,4,1,58,3,2,4,1,2,-1297.9662896858836,4992,1,0,0,15,3,2,80,0,10,4,1,10,3,0,8
39,0,1,766,2,20,3,1,1,1812,3,1,83,3,2,7,4,0,20913.107086684468,19188,2,0,0,18,3,4,80,1,7,6,3,2,1,2,2
43,0,0,343,1,9,3,1,1,1813,1,1,52,3,1,6,3,2,-14544.05335029987,24978,4,0,0,13,3,3,80,0,7,2,2,3,2,1,2
41,0,2,447,1,5,3,1,1,1814,2,1,85,4,2,0,2,2,-29950.352729880105,15530,3,0,0,12,3,1,80,0,11,3,1,3,2,1,2
41,0,2,796,2,4,1,2,1,1815,3,0,81,3,3,7,3,0,4281.075276294648,26458,0,0,1,13,3,4,80,1,23,3,4,22,14,13,5
30,0,2,1092,1,10,3,3,1,1816,1,0,64,3,3,4,3,2,7409.152771238867,2739,9,0,0,14,3,2,80,0,9,3,3,7,7,0,2
26,1,2,920,0,20,2,3,1,1818,4,0,69,3,1,1,2,1,31393.89536930237,6889,0,0,1,11,3,3,80,0,6,3,3,5,1,1,4
46,1,2,261,1,21,2,3,1,1821,4,0,66,3,2,0,2,1,14715.58866539929,10842,4,0,0,22,4,4,80,1,13,2,4,9,7,3,7
40,0,2,1194,1,1,3,1,1,1822,3,0,52,3,2,0,4,0,72308.86841228089,9060,4,0,0,17,3,4,80,1,12,3,3,5,3,0,3
34,0,2,810,2,8,2,5,1,1823,2,1,92,4,2,7,3,1,17159.84583751977,22128,1,0,0,21,4,3,80,2,10,5,3,10,8,4,8
58,0,0,350,2,2,3,3,1,1824,2,1,52,3,4,3,2,0,21302.06931641427,22577,4,0,0,22,4,4,80,1,37,0,2,16,9,14,14
35,0,2,185,1,23,4,3,1,1826,2,1,91,1,1,2,3,1,-18569.44140324716,9696,0,0,0,16,3,2,80,1,6,2,4,5,4,0,3
47,0,2,1001,1,4,3,1,1,1827,3,0,92,2,3,4,2,0,86267.14651240771,19271,8,0,1,12,3,3,80,1,28,4,3,22,11,14,10
40,0,2,750,1,12,3,1,1,1829,2,0,47,3,2,0,1,0,8965.877306723905,10748,2,0,0,12,3,2,80,1,15,3,3,7,4,7,7
54,0,2,431,1,7,4,3,1,1830,4,0,68,3,2,6,4,1,4197.535537618378,15696,4,0,0,15,3,2,80,1,14,2,2,7,1,1,7
31,0,1,1125,2,7,4,2,1,1833,1,0,68,3,3,7,1,1,1356.222742884329,8277,2,0,0,14,3,4,80,2,9,3,3,3,2,2,2
28,0,2,1217,1,1,3,3,1,1834,3,0,67,3,1,6,1,1,40229.03038678544,12719,1,0,0,25,4,3,80,1,3,3,3,3,2,1,2
38,0,2,723,2,2,4,2,1,1835,2,0,77,1,2,8,4,1,-36202.58896869829,4244,2,0,1,20,4,1,80,2,20,4,2,4,2,0,3
26,0,2,572,2,10,3,3,1,1836,3,1,46,3,2,7,4,2,-6358.710743692694,9125,1,0,0,13,3,1,80,0,5,4,3,5,3,1,2
58,0,1,1216,1,15,4,1,1,1837,1,1,87,3,4,5,3,1,3371.851094643471,21624,2,0,1,14,3,2,80,0,23,3,3,2,2,2,2
18,0,0,1431,1,14,3,3,1,1839,2,0,33,3,1,6,3,2,33408.43841861271,8018,1,0,0,16,3,3,80,0,0,4,1,0,0,0,0
31,1,2,359,0,18,5,0,1,1842,4,1,89,4,1,1,1,1,-2679.0335019128042,21495,0,0,0,17,3,3,80,0,2,4,3,1,0,0,0
29,1,2,350,0,13,3,0,1,1844,1,1,56,2,1,1,1,0,-13549.757322060328,3157,4,0,1,15,3,4,80,3,4,3,3,2,2,2,0
45,0,0,589,2,2,4,1,1,1845,3,0,67,3,2,7,3,1,26751.529547381793,19665,4,0,0,22,4,2,80,2,10,3,4,8,7,5,7
36,0,2,430,1,2,4,4,1,1847,4,0,73,3,2,6,2,1,-5244.635939330561,19573,4,0,1,22,4,4,80,1,15,2,3,1,0,0,0
43,0,1,1422,2,2,4,1,1,1849,1,1,92,3,2,7,4,1,31784.45487828979,19246,1,0,0,20,4,3,80,1,7,5,3,7,7,7,7
27,0,1,1297,1,5,2,1,1,1850,4,0,53,3,1,2,4,2,14489.370015232225,19826,0,0,1,14,3,3,80,0,6,3,2,5,4,0,2
29,0,1,574,1,20,1,3,1,1852,4,1,40,3,1,2,4,1,-24582.265494062864,7003,1,0,0,13,3,2,80,0,11,3,4,11,8,3,10
32,0,1,1318,2,10,4,2,1,1853,4,1,79,3,2,7,4,2,-53983.34727919383,26075,8,0,0,13,3,3,80,0,4,2,4,0,0,0,0
42,0,0,355,1,10,4,5,1,1854,3,1,38,3,1,6,3,1,19874.88277684059,6161,3,0,0,22,4,2,80,2,10,1,2,6,3,3,3
47,0,2,207,1,9,4,1,1,1856,2,0,64,3,1,2,3,2,-7083.190978105036,5411,4,0,0,12,3,3,80,0,7,2,3,2,2,2,0
46,0,2,706,1,2,2,1,1,1857,4,1,82,3,3,4,4,0,4589.141004370086,19989,3,0,0,14,3,3,80,1,12,4,2,9,8,4,7
28,0,0,280,0,1,2,1,1,1858,3,1,43,3,1,1,4,0,-3096.6726743889303,10494,1,0,0,15,3,2,80,1,3,2,3,3,2,2,2
29,0,2,726,1,29,1,1,1,1859,4,1,93,1,2,0,3,0,-7658.7812644042915,21143,8,0,0,17,3,4,80,2,11,3,3,7,0,1,6
42,0,2,1142,1,8,3,1,1,1860,4,1,81,3,1,2,3,2,41289.6647781586,13624,4,0,0,13,3,4,80,0,8,3,3,0,0,0,0
32,1,2,414,2,2,4,2,1,1862,3,1,82,2,2,7,2,2,77051.96499395916,26186,7,0,1,12,3,3,80,0,7,3,2,2,2,2,2
46,0,2,1319,2,3,3,5,1,1863,1,0,45,4,4,7,1,0,-20872.366112425552,7739,2,0,0,12,3,4,80,1,25,5,3,19,17,2,8
27,0,2,728,2,23,1,3,1,1864,2,0,36,2,2,8,3,1,41054.43201718794,7018,1,0,0,21,4,4,80,1,9,5,3,9,8,5,8
29,0,2,352,0,6,1,3,1,1865,4,1,87,2,1,1,2,1,39270.658294032786,15434,1,0,0,11,3,4,80,0,1,3,3,1,0,0,0
43,0,2,823,1,6,3,3,1,1866,1,0,81,2,5,3,3,1,46004.8317284204,22539,7,0,0,13,3,4,80,0,21,2,3,16,12,6,14
48,0,2,1224,1,10,3,1,1,1867,4,1,91,2,5,5,2,1,9666.020737582989,13583,4,0,0,12,3,4,80,0,29,3,3,22,10,12,9
29,1,1,459,1,24,2,1,1,1868,4,1,73,2,1,6,4,2,75820.17882926056,14753,1,0,1,24,4,2,80,0,1,3,2,1,0,1,0
46,1,2,1254,2,10,3,1,1,1869,3,0,64,3,3,7,2,1,-8645.67209686239,14011,5,0,0,21,4,3,80,3,14,2,3,8,7,0,7
27,0,1,1131,1,15,3,1,1,1870,4,0,77,2,1,6,1,1,-4034.943498037557,23844,0,0,0,19,3,4,80,1,8,2,2,7,6,7,3
39,0,2,835,1,19,4,4,1,1871,4,1,41,3,2,6,4,0,9489.350774704108,5141,8,0,0,14,3,2,80,3,7,2,3,2,2,2,2
55,0,2,836,1,2,4,5,1,1873,2,1,98,2,1,6,4,1,-378.9398085191674,7975,8,0,0,20,4,2,80,1,19,2,4,5,2,0,4
28,0,2,1172,2,3,3,3,1,1875,2,0,78,3,1,8,2,1,23747.588585332862,3692,1,0,0,19,3,4,80,1,1,3,3,1,0,0,0
30,1,2,945,2,9,3,3,1,1876,2,1,89,3,1,8,4,2,1055.6605203312988,16019,1,0,0,13,3,3,80,0,1,3,2,1,0,0,0
22,1,2,391,1,7,1,1,1,1878,4,1,75,3,1,6,2,2,25417.420098474027,26092,1,0,1,23,4,1,80,0,1,2,3,1,0,0,0
36,0,2,1266,2,10,4,5,1,1880,2,0,63,2,2,7,3,1,-15920.748955018262,6060,1,0,1,13,3,1,80,1,10,4,3,10,9,1,7
31,0,2,311,1,20,3,1,1,1881,2,1,89,3,2,2,3,0,-1015.510182983211,18624,1,0,0,11,3,1,80,1,10,2,3,10,8,0,2
34,0,2,1480,2,4,3,1,1,1882,3,1,64,3,3,7,4,1,11329.030406863072,24444,2,0,1,13,3,4,80,3,9,3,3,5,3,1,0
29,0,2,592,1,7,3,1,1,1883,4,1,59,3,1,2,1,2,-424.41619148419295,19384,3,0,0,14,3,2,80,0,11,2,3,3,2,1,2
37,0,2,783,1,7,4,3,1,1885,4,1,78,3,2,6,1,1,-37411.38177064491,13588,5,0,1,22,4,3,80,1,16,2,3,5,3,0,4
35,0,2,219,1,16,2,4,1,1886,4,0,44,2,2,4,2,1,309.48203476086564,25388,0,0,1,11,3,4,80,0,4,2,3,3,2,0,2
45,0,2,556,1,25,2,1,1,1888,2,0,93,2,2,4,4,1,-48808.98653971291,23888,0,0,0,13,3,4,80,2,10,2,2,9,8,3,8
36,0,1,1213,0,2,1,0,1,1890,2,1,94,2,2,1,4,2,-4307.628443481226,4223,1,0,0,21,4,4,80,0,10,2,2,10,1,0,8
40,0,2,1137,1,1,4,1,1,1892,1,1,98,3,4,3,1,0,12633.531276418405,18991,2,0,0,11,3,1,80,1,22,3,3,19,7,11,16
26,0,2,482,1,1,2,1,1,1893,2,0,90,2,1,6,3,1,11201.67813038605,14908,1,0,1,13,3,3,80,1,1,3,2,1,0,1,0
27,0,2,511,2,2,2,3,1,1898,1,0,89,4,2,7,3,2,10233.949353466633,26997,0,0,0,14,3,2,80,0,9,5,2,8,7,0,7
48,0,1,117,1,22,3,3,1,1900,4,0,58,3,4,3,4,0,-21797.92841739874,2437,3,0,0,11,3,2,80,1,24,3,3,22,17,4,7
44,0,2,170,1,1,4,1,1,1903,2,1,78,4,2,0,1,1,12354.91499746457,9364,2,0,0,15,3,4,80,1,10,5,3,2,0,2,2
34,1,0,967,1,16,4,5,1,1905,4,1,85,1,1,6,1,1,-5641.128413090562,14460,1,0,1,23,4,2,80,1,5,2,3,5,2,3,0
56,1,2,1162,1,24,2,1,1,1907,1,1,97,3,1,2,4,2,-20514.895651890187,10261,1,0,0,16,3,4,80,0,5,3,3,4,2,1,0
36,0,2,335,2,17,2,2,1,1908,3,1,33,2,2,7,2,1,-20033.421100617845,16822,2,0,0,16,3,3,80,2,12,1,1,4,2,1,3
41,0,2,337,2,8,3,2,1,1909,3,0,54,3,2,7,2,1,-1643.0386098873332,26841,5,0,0,21,4,3,80,1,14,3,3,5,4,1,4
42,0,2,1396,1,6,3,3,1,1911,3,1,83,3,3,5,1,1,-15620.544185857765,14842,9,0,0,13,3,2,80,1,18,3,4,13,7,5,7
31,0,2,1079,2,10,2,3,1,1912,3,0,86,3,2,7,4,0,-21316.492594243304,20115,2,0,1,11,3,4,80,1,8,2,3,5,2,1,4
34,0,2,735,2,3,1,3,1,1915,4,0,75,2,2,7,4,1,3890.740573580474,16495,3,0,1,12,3,3,80,0,9,3,2,4,2,0,1
31,0,2,471,1,4,3,3,1,1916,1,0,62,4,1,2,3,0,-9934.85953863908,16031,8,0,0,12,3,2,80,1,4,0,2,2,2,2,2
26,0,1,1096,1,6,3,4,1,1918,3,1,61,4,1,2,4,1,7162.067495612605,7102,0,0,0,18,3,1,80,1,8,3,3,7,7,7,7
45,0,1,1297,1,1,4,3,1,1922,2,1,44,3,2,0,3,2,15045.2344924993,14511,4,0,0,12,3,3,80,0,12,3,3,4,2,0,3
33,0,2,217,2,10,4,2,1,1924,2,1,43,3,2,7,3,2,-34863.48925453783,10410,1,0,0,14,3,2,80,0,10,2,2,10,4,0,9
28,0,1,783,2,1,2,1,1,1927,3,1,42,2,2,7,4,1,2091.8206294640404,19255,1,0,1,12,3,3,80,1,7,2,3,7,7,0,7
29,1,1,746,2,24,3,5,1,1928,3,1,45,4,1,8,1,2,-8206.191900404021,10642,1,0,0,17,3,4,80,0,1,3,3,1,0,0,0
39,0,0,1251,2,21,4,1,1,1929,1,0,32,1,2,7,3,1,13614.916427580014,3987,6,0,0,19,3,3,80,1,10,1,3,3,2,1,2
27,0,2,1354,1,2,4,5,1,1931,2,1,41,3,1,6,2,1,-22525.69959169788,6073,1,0,0,11,3,3,80,1,6,3,2,5,3,1,2
34,0,1,735,1,22,4,4,1,1932,3,1,86,2,2,6,4,1,5236.855299367778,26496,1,0,1,15,3,2,80,0,16,3,3,15,10,6,11
28,1,2,1475,2,13,2,2,1,1933,4,0,84,3,2,7,3,2,20134.25881171391,23352,3,0,1,11,3,4,80,0,6,0,3,2,0,2,2
47,0,0,1169,1,14,4,5,1,1934,3,1,64,3,2,6,2,1,-20180.32951671365,2125,8,0,0,18,3,3,80,1,16,4,4,8,7,1,7
56,0,2,1443,2,11,5,2,1,1935,4,0,89,2,2,7,1,1,18231.26253296485,20328,4,0,0,16,3,3,80,1,6,3,3,0,0,0,0
39,0,2,867,1,9,2,3,1,1936,1,1,87,3,2,4,1,1,-512.7469768995115,12315,1,0,0,25,4,4,80,1,10,3,3,10,0,7,9
38,0,1,1394,1,8,3,3,1,1937,4,0,58,2,2,6,2,0,-4708.650881097186,18115,1,0,1,16,3,3,80,1,20,3,3,20,11,0,7
58,0,2,605,2,21,3,1,1,1938,4,0,72,3,4,3,4,1,-821.816572249023,11761,4,0,1,13,3,3,80,1,29,2,2,1,0,0,0
32,1,1,238,1,5,2,1,1,1939,1,0,47,4,1,6,3,2,1584.2466009557784,15318,3,0,1,14,3,1,80,0,8,2,3,4,1,0,3
38,0,2,1206,1,9,2,1,1,1940,2,1,71,3,1,6,4,0,35608.45014980246,14293,2,0,0,19,3,4,80,2,10,0,4,5,2,0,3
49,0,1,1064,1,2,1,1,1,1941,2,1,42,3,5,5,4,1,51858.12233827094,13738,3,0,0,15,3,4,80,0,28,3,3,5,4,4,3
42,0,2,419,2,12,4,2,1,1943,2,1,77,3,2,7,4,0,-36172.513221842644,2900,3,0,1,12,3,3,80,2,14,4,3,0,0,0,0
27,1,1,1337,0,22,3,0,1,1944,1,0,58,2,1,1,2,1,-4730.223776130776,19555,1,0,0,12,3,1,80,0,1,2,3,1,0,0,0
35,0,2,682,2,18,4,3,1,1945,2,1,71,3,2,7,1,1,19653.36649183924,15975,0,0,0,16,3,4,80,1,6,2,1,5,3,0,4
28,0,0,1103,1,16,3,3,1,1947,3,1,49,3,1,6,3,2,10064.380205294685,2122,1,0,0,14,3,3,80,0,5,3,2,5,3,1,4
31,0,0,976,1,3,2,3,1,1948,3,1,48,3,1,6,1,0,14828.263595692442,3995,1,0,1,13,3,4,80,1,4,3,4,4,2,2,3
36,0,0,1351,1,9,4,1,1,1949,1,1,66,4,1,2,2,1,47449.11807560689,9238,1,0,0,22,4,2,80,0,5,3,3,5,4,0,2
34,0,2,937,2,1,3,2,1,1950,1,1,32,3,3,7,4,2,32144.575786518373,6770,1,0,0,21,4,1,80,0,14,3,2,14,8,2,1
34,0,2,1239,2,13,4,3,1,1951,4,1,39,3,3,7,3,0,-28258.521871553945,22914,1,0,0,18,3,3,80,1,9,2,2,8,7,1,1
26,0,2,157,1,1,3,3,1,1952,3,1,95,3,1,2,1,2,10285.67305607532,20006,0,0,0,13,3,4,80,0,8,6,2,7,7,7,6
29,0,2,136,1,1,3,1,1,1954,1,1,89,3,2,0,1,1,31495.13616146744,6225,0,0,0,12,3,1,80,1,6,5,2,5,3,0,2
32,0,0,1146,1,15,4,3,1,1955,3,0,34,3,2,0,4,0,52282.97443706206,16542,5,0,0,18,3,2,80,1,9,6,3,5,1,1,2
31,0,1,1125,1,1,3,1,1,1956,4,1,48,1,2,6,1,1,5378.401727560061,5771,1,0,0,21,4,2,80,0,10,6,3,10,8,8,7
28,1,2,1404,1,17,3,5,1,1960,3,1,32,2,1,2,4,0,-8326.078290593101,18779,5,0,0,12,3,1,80,1,6,2,2,4,1,0,3
38,0,2,1404,2,1,3,1,1,1961,1,1,59,2,1,8,1,2,9385.803242495276,11473,4,0,0,14,3,1,80,0,20,3,2,1,0,0,0
35,0,2,1224,2,7,4,1,1,1962,3,0,55,3,2,7,4,1,32214.45177899471,13586,1,0,1,11,3,4,80,0,10,2,3,10,8,0,9
27,0,2,954,2,9,3,2,1,1965,4,1,44,3,2,7,4,2,11571.518128184733,5099,1,0,0,14,3,1,80,0,7,5,3,7,7,0,7
32,0,2,1373,1,5,4,1,1,1966,4,1,56,2,2,4,4,2,131469.24402382743,10138,8,0,0,24,4,2,80,0,8,1,3,1,0,0,0
31,1,1,754,2,26,4,2,1,1967,1,1,63,3,2,7,4,1,6735.299370940247,21075,1,0,1,11,3,3,80,0,10,4,3,10,7,0,8
53,1,2,1168,2,24,4,1,1,1968,1,1,66,3,3,7,1,2,18631.713083089864,5843,6,0,1,13,3,2,80,0,15,2,2,2,2,2,2
54,0,2,155,1,9,2,1,1,1969,1,0,67,3,2,6,3,1,-34511.88836215775,22474,3,0,0,11,3,3,80,2,9,6,2,4,3,2,3
33,0,1,1303,1,7,2,1,1,1970,4,1,36,3,2,0,3,0,8163.698709613551,18079,1,0,0,20,4,3,80,3,9,2,3,9,7,2,8
43,0,2,574,1,11,3,1,1,1971,1,1,30,3,3,0,3,1,6386.690620716473,16873,1,0,0,17,3,2,80,1,10,1,3,10,9,0,9
38,0,1,1444,0,1,4,4,1,1972,4,1,88,3,1,1,2,1,38227.04078465992,5224,0,0,1,11,3,2,80,1,7,2,3,6,2,1,2
55,0,2,189,0,26,4,0,1,1973,3,1,71,4,5,3,2,1,23858.475452910476,25811,4,0,1,18,3,1,80,1,35,0,3,10,9,1,4
31,0,2,1276,1,2,1,3,1,1974,4,0,59,1,1,2,4,0,-32345.981589250885,17536,1,0,1,11,3,3,80,3,1,4,3,1,0,0,0
39,0,2,119,2,15,4,2,1,1975,2,1,77,3,4,7,1,2,3047.902537489994,25098,0,0,0,12,3,1,80,0,21,3,3,20,8,11,10
42,0,0,335,1,23,2,1,1,1976,4,1,37,2,2,6,3,2,5561.175510022099,14811,1,0,0,12,3,4,80,0,20,2,3,20,9,3,7
31,0,0,697,1,10,3,3,1,1979,3,0,40,3,3,5,3,1,-44311.45975840534,26862,4,0,0,20,4,3,80,1,13,2,4,11,7,4,8
54,0,2,157,1,10,3,3,1,1980,3,0,77,3,2,4,1,2,19983.789193570417,25198,6,0,1,19,3,4,80,0,9,3,3,5,2,1,4
24,0,2,771,1,1,2,1,1,1981,2,1,45,2,2,0,3,2,41963.680350525974,14120,1,0,0,12,3,2,80,0,4,2,2,4,3,1,2
23,0,2,571,1,12,2,4,1,1982,4,1,78,3,1,2,4,2,6369.598612278968,13672,1,0,0,13,3,3,80,0,5,6,4,5,2,1,4
40,0,1,692,1,11,3,5,1,1985,4,0,73,3,2,2,3,1,-21327.694026604113,26849,1,0,0,11,3,1,80,1,10,2,4,10,9,9,4
40,0,2,444,2,2,2,2,1,1986,2,0,92,3,2,7,2,1,5509.028445065098,4258,3,0,0,14,3,3,80,1,15,4,3,11,8,5,10
25,0,2,309,0,2,3,0,1,1987,3,0,82,3,1,1,2,1,-30811.45572899015,19655,4,0,0,14,3,3,80,0,6,3,3,2,0,1,2
30,0,2,911,1,1,2,3,1,1989,4,1,76,3,1,2,2,1,-62920.133641564185,4077,1,0,0,13,3,3,80,0,12,6,2,12,8,1,7
25,0,2,977,1,2,1,4,1,1992,4,1,57,3,1,2,3,0,-43781.52680339602,7298,6,0,1,19,3,3,80,1,7,2,2,2,2,0,2
47,0,2,1180,1,25,3,3,1,1993,1,1,84,3,3,0,3,2,38244.00639832289,13084,2,0,0,23,4,2,80,0,25,3,3,17,14,12,11
33,0,0,1313,1,1,2,3,1,1994,2,1,59,2,1,2,3,0,1070.7007507177475,20439,1,0,0,12,3,3,80,3,1,2,2,1,1,0,0
38,0,2,1321,2,1,4,1,1,1995,4,1,86,3,2,7,2,1,362.18786899658244,7636,0,0,0,15,3,1,80,2,16,3,3,15,13,5,8
31,0,2,1154,2,2,2,1,1,1996,1,1,54,3,1,8,3,1,32862.73713398921,6393,0,0,0,19,3,3,80,1,3,1,3,2,2,1,2
38,0,1,508,1,6,4,1,1,1997,1,1,72,2,2,4,3,1,17292.074311816446,14284,2,0,0,11,3,4,80,1,10,1,3,8,3,7,7
42,0,2,557,1,18,4,1,1,1998,4,1,35,3,2,6,1,0,7136.491423769645,11189,6,0,1,17,3,3,80,1,9,3,2,4,3,1,2
41,0,2,642,1,1,3,1,1,1999,4,1,76,3,1,6,4,1,9867.837914090116,21412,3,0,0,22,4,1,80,1,12,3,3,5,3,1,0
47,0,0,1162,1,1,1,3,1,2000,3,0,98,3,3,5,2,1,-24122.937933517678,17231,0,0,0,18,3,1,80,2,14,3,1,13,8,5,12
35,0,2,1490,1,11,4,3,1,2003,4,1,43,3,1,2,3,1,12269.154019147889,20232,7,0,1,11,3,3,80,1,5,3,3,2,2,2,2
22,0,2,581,1,1,2,1,1,2007,4,1,63,3,1,6,3,2,-27784.87934929124,17624,0,0,0,12,3,4,80,0,4,2,4,3,2,1,2
35,0,2,1395,1,9,4,3,1,2008,2,1,48,3,2,6,3,2,33759.23106473597,18698,1,0,0,19,3,2,80,0,10,5,3,10,7,0,8
33,0,2,501,1,15,2,3,1,2009,2,0,95,3,2,0,4,1,-16350.876342252563,21653,0,0,1,13,3,1,80,1,10,6,3,9,7,8,1
32,0,2,267,1,29,4,1,1,2010,3,0,49,2,1,2,2,2,-10271.027974960205,15919,1,0,0,13,3,3,80,0,6,3,3,6,2,4,1
40,0,2,543,1,1,4,1,1,2012,1,1,83,3,1,2,4,1,3928.6547593319183,4060,8,0,0,19,3,3,80,2,8,3,2,1,0,0,0
32,0,2,234,2,1,4,3,1,2013,2,1,68,2,1,8,2,1,21770.33593616252,18024,0,0,0,14,3,2,80,1,3,2,3,2,2,2,2
39,0,2,116,1,24,1,1,1,2014,1,1,52,3,2,6,4,2,-19669.923540336273,5340,7,0,0,13,3,1,80,0,18,2,3,7,7,1,7
38,0,2,201,1,10,3,3,1,2015,2,0,99,1,3,5,3,1,26225.374584591373,3376,3,0,0,12,3,1,80,1,20,3,3,18,16,1,11
32,0,2,801,2,1,4,2,1,2016,3,0,48,3,3,7,4,1,-37857.9780369874,24032,1,0,0,19,3,3,80,2,14,3,3,14,10,5,7
37,0,2,161,1,10,3,1,1,2017,3,0,42,4,3,5,4,1,-29969.986383016127,15471,1,0,1,25,4,1,80,1,16,2,3,16,11,6,8
25,0,2,1382,2,8,2,4,1,2018,1,0,85,3,2,7,3,0,11724.550377471445,13684,0,0,1,22,4,2,80,1,6,3,2,5,3,0,4
52,0,0,585,2,29,4,1,1,2019,1,1,40,3,1,8,4,0,-3022.512309230032,19788,2,0,0,15,3,2,80,2,16,3,2,9,8,0,0
44,0,2,1037,1,1,3,3,1,2020,2,1,42,3,1,6,4,2,13798.208309207012,13422,6,0,1,12,3,3,80,0,6,2,3,4,3,1,2
21,0,2,501,2,5,1,3,1,2021,3,1,58,3,1,8,1,2,11276.957118397195,25479,1,0,1,11,3,4,80,0,2,6,3,2,2,1,2
39,0,0,105,1,9,3,1,1,2022,4,1,87,3,5,3,4,2,8844.643475177347,15302,2,0,0,13,3,3,80,0,21,3,2,6,0,1,3
23,1,1,638,2,9,3,2,1,2023,4,1,33,3,1,8,1,1,17366.646280576308,26956,1,0,0,19,3,1,80,1,1,3,2,1,0,1,0
36,0,2,557,2,3,3,3,1,2024,1,0,94,2,3,7,4,1,-3972.730676887293,12695,0,0,0,19,3,3,80,2,10,2,3,9,7,3,4
36,0,1,688,1,4,2,1,1,2025,4,0,97,3,2,4,2,0,-8504.206168265082,9192,7,0,0,13,3,2,80,3,18,3,3,4,2,0,2
56,0,0,667,1,1,4,1,1,2026,3,1,57,3,2,0,3,0,81166.84160758203,26236,1,0,0,21,4,1,80,1,13,2,2,13,12,1,9
29,1,2,1092,1,1,4,3,1,2027,1,1,36,3,1,6,4,1,2078.6273944401623,26124,9,0,1,14,3,2,80,3,4,3,4,2,2,2,2
42,0,2,300,1,2,3,1,1,2031,1,1,56,3,5,3,3,1,-25657.772810473274,17312,5,0,0,11,3,1,80,0,24,2,2,22,6,4,14
56,1,2,310,1,7,2,5,1,2032,4,1,72,3,1,2,3,1,-8116.272044861356,3666,8,0,0,11,3,4,80,1,14,4,1,10,9,9,8
41,0,2,582,1,28,4,1,1,2034,1,0,60,2,4,4,2,1,24300.019283851652,5640,0,0,0,23,4,3,80,1,21,3,3,20,7,0,10
34,0,2,704,2,28,3,2,1,2035,4,0,95,2,2,7,3,1,-8635.530454330281,8978,1,0,0,21,4,4,80,2,8,2,3,8,7,1,7
36,0,0,301,2,15,4,2,1,2036,4,1,88,1,2,7,4,0,45597.96587913961,10436,1,0,0,24,4,1,80,1,15,4,2,15,12,11,11
41,0,2,930,2,3,3,1,1,2037,3,1,57,2,2,7,2,0,15772.031740353841,12227,2,0,0,11,3,3,80,1,14,5,3,5,4,0,4
32,0,2,529,1,2,3,5,1,2038,4,1,78,3,1,6,1,2,19941.490698026377,11288,1,0,0,14,3,4,80,0,4,4,3,4,2,1,2
35,0,2,1146,0,26,4,1,1,2040,3,0,31,3,3,1,4,2,-39361.821717351595,16642,1,0,1,16,3,3,80,0,9,2,3,9,0,1,7
38,0,2,345,2,10,2,1,1,2041,1,0,100,3,2,7,4,1,70632.55306643198,5982,1,0,0,11,3,3,80,1,10,1,3,10,7,1,9
50,1,1,878,2,1,4,1,1,2044,2,1,94,3,2,7,3,0,10500.029885288772,14255,7,0,0,12,3,4,80,2,12,3,3,6,3,0,1
36,0,2,1120,2,11,4,2,1,2045,2,0,100,2,2,7,4,1,14613.12160690808,14369,4,0,0,13,3,1,80,1,8,2,2,6,3,0,0
45,0,2,374,2,20,3,1,1,2046,4,0,50,3,2,7,3,2,368.57438118734717,23333,8,0,0,15,3,3,80,0,8,3,3,5,3,0,1
40,0,2,1322,1,2,4,1,1,2048,3,1,52,2,1,6,3,2,15727.171638301976,2725,2,0,0,14,3,4,80,0,8,2,3,2,2,2,2
35,0,1,1199,1,18,4,1,1,2049,3,1,80,3,2,0,3,1,5920.054968615577,24594,1,0,1,14,3,4,80,2,10,2,4,10,2,0,2
40,0,2,1194,1,2,4,3,1,2051,3,0,98,3,1,6,3,1,-4099.935987013308,12549,2,0,0,14,3,2,80,3,20,2,3,5,3,0,2
35,0,2,287,1,1,4,1,1,2052,3,0,62,1,1,6,4,1,27821.461231839716,8952,1,0,0,12,3,4,80,1,4,5,3,4,3,1,1
29,0,2,1378,1,13,2,4,1,2053,4,1,46,2,2,2,2,1,-12442.761268704493,23679,4,0,1,13,3,1,80,1,10,2,3,4,3,0,3
29,0,2,468,1,28,4,3,1,2054,4,0,73,2,1,6,1,2,34290.38404178554,8489,1,0,0,14,3,2,80,0,5,3,1,5,4,0,4
50,1,2,410,2,28,3,2,1,2055,4,1,39,2,3,7,1,0,9372.346021287749,16586,4,0,1,13,3,2,80,1,20,3,3,3,2,2,0
39,0,2,722,2,24,1,2,1,2056,2,0,60,2,4,7,4,1,-51486.54575778068,8828,0,0,0,11,3,1,80,1,21,2,2,20,9,9,6
31,0,0,325,1,5,3,3,1,2057,2,1,74,3,2,4,1,2,9348.691813502714,3787,0,0,0,19,3,2,80,0,10,2,3,9,4,1,7
26,0,2,1167,2,5,3,4,1,2060,4,0,30,2,1,8,3,2,1271.4930505953812,21378,0,0,0,18,3,4,80,0,5,2,3,4,2,0,0
36,0,1,884,1,23,2,3,1,2061,3,1,41,4,2,2,4,1,-21667.411808966484,12290,4,0,0,17,3,3,80,1,17,3,3,5,2,0,3
39,0,2,613,1,6,1,3,1,2062,4,1,42,2,3,0,1,1,-7969.198638070724,21457,4,0,0,15,3,1,80,1,9,5,3,7,7,1,7
27,0,2,155,1,4,3,1,1,2064,2,1,87,4,2,4,2,1,-71.82874402998459,5174,1,0,1,20,4,2,80,1,6,0,3,6,2,0,3
49,0,1,1023,2,2,3,3,1,2065,4,1,63,2,2,7,2,1,-58717.302299438794,13243,2,0,0,14,3,4,80,0,17,3,2,9,6,0,8
34,0,2,628,1,8,3,3,1,2068,2,1,82,4,2,2,3,1,15180.01811164303,10228,2,0,0,12,3,1,80,0,6,3,4,4,3,1,2
